Organization Name,Address,City,State,Zip,Longitude,Latitude,Website,Phone Number,Description of Services,BASIC NEEDS,Clothing ,Financial assistance,Food,Emergency shelter,Housing/Shelter,Safe space,Youth drop-in centers,EARLY CHILDHOOD & PARENTING ,Child care/Day care ,Fatherhood programs,"Head Start/Early Head Start, preschool",Home visiting for pregnant/parenting teens,"Pregnant/parenting classes, counseling, support groups",EDUCATION,Academic counseling,"Arts (music, dance, writing, spoken word, language)",Behavioral/self-management programs/workshops,Civic engagement,"College readiness, counseling, career prep",Computer literacy/training,Enrichment field trips,Financial literacy,High school/GED completion,Homework help,Leadership/character development ,"Out of school, chronically truant youth counseling, re-engagement","Reading, literacy",Service learning,"STEM/STEAM (science, technology, engineering, math, arts)",Tutoring ,Vocational skills,EMPLOYMENT,Job placement (long-term),Job training/Workforce preparation,"Youth workforce preparation, employment",FAMILY STABILITY,"Adoption services, support","Domestic violence support, counseling",Family support,"Foster care services, support",Re-entry support programs for ex-offenders,HEALTH & WELLNESS,Anger management counseling,At-risk youth counseling,"Behavioral/mental health counseling, services",Behavior self-management programs,Cessation programs,Dental care,"Domestic violence support, counseling",Family and child counseling,"Family planning, birth control","Health clinics (primary care, family medicine, federally-qualified health centers)",Health literacy; connect to health services.,"HIV/AIDS testing, treatment",Immunizations/Vaccinations,Management of chronic conditions,Men's health services,"Mental health counseling, services","Nutrition and wellness programs, counseling",Physical activity/sports,"Preventive health (includes prenatal, dental, vision, cancer screenings)",Re-entry support programs for ex-offenders,"School, sports physicals",Sexual assault counseling,Sexually transmitted disease (STD) testing,"Substance abuse/addiction counseling, treatment",Vision care,Women's health services,HOTLINES/HELPLINES,Child abuse reporting,Crisis,Domestic violence,HIV/STI/STD Hotline,Rape,Trauma,VIOLENCE PREVENTION,At-risk youth counseling,"Domestic violence support, counseling",Engage youth to prevent gang participation,"Out of school/chronically truant youth counseling, re-engagement",Re-entry support programs for ex-offenders,Safe space,"Violence prevention workshop, peace circles",YOUTH ENGAGEMENT,After school programs,"Arts (music, dance, writing, spoken word, language)",Civic engagement,Engage youth to prevent gang participation,Enrichment field trips,"Leadership, character development",Mentoring ,"Out of school, chronically truant youth counseling, re-engagement",Service learning,"Sports, recreation","Summer programs, camp",Volunteer opportunities,Youth clubs,
A Knock at Midnight,"400 W 76th St, Suite 206",Chicago,IL,60620,-87.635098,41.756673,https://www.akamworks.org,773- 488-2960,"Programs include Job Readiness and Financial Literacy, CPS Truancy Dropout Prevention, Teen REACH after-school program, HIV/AIDS Outreach, Computer Literacy Trainings, Youth Employment, Life Skills, and The Juvenile Justice Outreach.",,,,,,,,,,,,,,,,,,,,,1,,1,,,,1,,,,,,,,1,1,,,,,,,,,,,,,,,,,,,,,,,,,,,,,,,,,,,,,,,,,,,,,1,,,,,1,,,,,,,1,,,,,,
A Knock at Midnight Basic Computer Literacy Training,"400 W 76th St, Suite 206",Chicago,IL,60620,-87.635098,41.756673,https://www.akamworks.org,773- 488-2960,"Basic computer literacy trainings encompass  introduction to Windows, basic PC operation, fundamentals of word processing (Microsoft Word), introduction to spread sheets (Microsoft Excel),  fundamentals of Microsoft PowerPoint, navigating the internet, and E-mail fundamentals to increase and improve basic computer literacy skills and/or improve employability.",,,,,,,,,,,,,,,,,,,,,1,,,,,,,,,,,,,,,,,,,,,,,,,,,,,,,,,,,,,,,,,,,,,,,,,,,,,,,,,,,,,,,,,,,,,,,,,,,,,,
A Knock at Midnight Family Advocacy Center,"400 W 76th St, Suite 206",Chicago,IL,60620,-87.635098,41.756673,https://www.akamworks.org,773- 488-2960,"The Family Advocacy program is designed to develop family support systems that help families to identify their strengths and needs and develop strategies to resolve challenges and accomplish goals to improve their quality of life, leading families to sufficiency.  Assists families in working toward reunification.  Families are assessed for advocacy, mediation, prevention and Intervention strategies.  Many direct advocacy services and trainings are provided on-site and other services are provided through community linkages.",,,,,,,,,,,,,,,,,,,,,,,,,,,,,,,,,,,,,,,,1,,,,,,,,,,,,,,,,,,,,,,,,,,,,,,,,,,,,,,,,,,,,,,,,,,,,,,,,,,,
A Knock at Midnight Teen REACH program,"400 W 76th St, Suite 206",Chicago,IL,60620,-87.635098,41.756673,https://www.akamworks.org,773- 488-2960,"The Teen REACH program was designed to create and expand the range of choices and opportunities that enable, empower and encourage youth to achieve positive growth and development, improve expectations and capacities for future success, and avoid and/or reduce risk-taking behavior.  The program curriculums encompass workshops and activities that improve academic performance, increase basic social skills, enhance life skills, heighten parental involvement and awareness, sustain positive adult mentor relationships, and raise participation.",,,,,,,,,,,,,,,,1,,,,,,,,,,,,,,,,,,,,,,,,,,,,,,,,,,,,,,,,,,,,,,,,,,,,,,,,,,,,,,,,,,,,,,1,,,,,,,,,,,,,
A Knock at Midnight Workforce Preparation,"400 W 76th St, Suite 206",Chicago,IL,60620,-87.635098,41.756673,https://www.akamworks.org,773- 488-2960,"Today's job market requires considerably more qualifications than in the past.  AKAM's Workforce Preparation training is designed to prepare you for such situations.  No matter what your goals are, our staff is committed to cultivating your skills and promoting self-sufficiency.  Workforce Preparation courses are four-week sessions, which occur Thursdays, from 2:30-4:30pm.  Objectives: Resume Preparation, Microsoft Office applications, Decorum & Attire, Employment Placement.",,,,,,,,,,,,,,,,,,,,,,,,,,,,,,,,,,,1,,,,,,,,,,,,,,,,,,,,,,,,,,,,,,,,,,,,,,,,,,,,,,,,,,,,,,,,,,,,,,,,
Abundant Life MBC Food Pantry,2306 W 69th St,Chicago,IL,60636,-87.681129,41.768374,https://www.chicagosfoodbank.org/locations/abundant-life-mbc/,773- 434-7875,HOURS Wednesday: 9:00 am - 11:00 am.  SERVICE AREA: N: 63rd - S: 74th - E: Ashland - W: Kedzie,,,,1,,,,,,,,,,,,,,,,,,,,,,,,,,,,,,,,,,,,,,,,,,,,,,,,,,,,,,,,,,,,,,,,,,,,,,,,,,,,,,,,,,,,,,,,,,,,,,,
ACCESS Ashland Family Health Center ,5159 S. Ashland Ave,Chicago,IL,60609,-87.664483,41.799980,https://www.achn.net/locations/location-pages/access-ashland-family-health-center/,773-434-9216,"Family practice, internal medicine, pediatrics, obstetrics and gynecology, midwifery, school/sports physicals, behavioral health, breast/cervical cancer screenings, benefits counseling",,,,,,,,,,,,,,,,,,,,,,,,,,,,,,,,,,,,,,,,,,,,,,1,,,,,,,1,,,,,,,,,1,,1,,,,,1,,,,,,,,,,,,,,,,,,,,,,,,,,,,,,
All Things Through Christ Food Pantry,6600 S Hermitage Ave,Chicago,IL,60636,-87.667759,41.773799,https://www.chicagosfoodbank.org/locations/all-things-through-christ/,708-214-9075,HOURS Saturday 9:00 am - 11:00 am.  SERVICE AREA: Zip Code 60636 and N: 63rd St - S: 71st St. - E: Loomis - W: Western,,,,1,,,,,,,,,,,,,,,,,,,,,,,,,,,,,,,,,,,,,,,,,,,,,,,,,,,,,,,,,,,,,,,,,,,,,,,,,,,,,,,,,,,,,,,,,,,,,,,
Allison's Infant & Toddler Center,5522 S Racine Ave,Chicago,IL,60636,-87.654889,41.793090,https://www.allisonsinfantsandtoddlers.com,773- 436-3139,"Head-Start, Early Head-Start, Preschool for All, prevention initiatives, and Child and Adult Care Food Program (CACFP). Ages 6 weeks to 6 years.
",,,,,,,,,,1,,1,,,,,,,,,,,,,,,,,,,,,,,,,,,,,,,,,,,,,,,,,,,,,,,,,,,,,,,,,,,,,,,,,,,,,,,,,,,,,,,,,,,,,,,
"Alternatives, Inc.","710 E 47th St, 2nd Floor",Chicago,IL,60653,-87.608370,41.809922,https://www.alternativesyouth.org,773- 506-7474,"Individual and group counseling, substance abuse treatment, family intervention, career and employment services, Girl World (youth development activities for girls), youth collaboration, preventive programs, restorative justice, and arts program.",,,,,,,,,,,,,,,,,1,,,,,,,,,,,,,,,,,,1,,,,,1,,,,,,,,,,,1,,,,,,,,,,,,,,,,1,,,,,,,,,,,,,,,,,,,1,,,,,,,,,,,,,
Appeal For Charities and Goodwill Inc. (ACGI) Missions,50 W 71st St,Chicago,IL,60621,-87.627131,41.765550,https://acgimissions.org/,773- 651-5400,"Provides nine professional services in education, food pantry, nutrition, health literacy, social wellness, children, youth, and programs for new and growing families. ",,,,1,,,,,,1,,,,,,,,,,,,,,,,,,,,,,,,,1,,,,,1,,,,,,,,,,,,,,,,,,,,1,,,,,,,,,,,,,,,,,,,,,,,,,,1,,,,,,,,,,1,,,
Appeal For Charities and Goodwill Inc. (ACGI) Missions - Children & Youth Educational Services,50 W 71st St,Chicago,IL,60621,-87.627131,41.765550,https://acgimissions.org/learn/,773- 651-5400,"Full day services for children ages 2-5 years.  After-school and summer camp for children 5-12 years.  Educational programs include health, recreation, nutrition, STEM (science/technology/engineering/math), arts and crafts, conflict resolution and social well-being programming.",,,,,,,,,,1,,,,,,,1,,,,,,,,,,,,,1,,,,,,,,,,,,,,,,,,,,,,,,,,,,,,1,,,,,,,,,,,,,,,,,,,,,,,,,,1,,,,,,,,,,1,,,
Appeal For Charities and Goodwill Inc. (ACGI) Missions - Family Wellness,50 W 71st St,Chicago,IL,60621,-87.627131,41.765550,https://acgimissions.org/family/,773- 651-5400,"Children and Youth Enrollment Counseling prepares families to enroll and take advantage of the various ACGI Missions and public-funded services. Health & Education Solutions promotes awareness of health-related problems and helps access local health resources. Nutrition Workshops are focused on the needs for growing families to live healthy lives to combat hunger, poor nutrition, obesity, and food insecurity.  Career Development Resources, available on a need basis, include professional development workshops to prepare participants to identify and overcome barriers in successfully securing employment and/or starting a small business.",,,,,,,,,,,,,,,,,,,,,,,,,,,,,,,,,,,1,,,,,,,,,,,,,,,,,,,1,,,,,,1,,,,,,,,,,,,,,,,,,,,,,,,,,,,,,,,,,,,,,,
Appeal For Charities and Goodwill Inc. (ACGI) Missions Food Pantry,50 W 71st St,Chicago,IL,60621,-87.627131,41.765550,https://acgimissions.org/pantry/,773- 651-5400,"1st Friday of the month, 5:00 pm – 6:00 pm",,,,1,,,,,,,,,,,,,,,,,,,,,,,,,,,,,,,,,,,,,,,,,,,,,,,,,,,,,,,,,,,,,,,,,,,,,,,,,,,,,,,,,,,,,,,,,,,,,,,
Appeal For Charities and Goodwill Inc. (ACGI) Missions - Health,50 W 71st St,Chicago,IL,60621,-87.627131,41.765550,https://acgimissions.org/health/,773- 651-5400,"To improve access to and awareness of routine and basic health monitoring, ACGI Missions’ Public Health connects patrons with professional services targeting their health needs.",,,,,,,,,,,,,,,,,,,,,,,,,,,,,,,,,,,,,,,,,,,1,,,,,,,,,,,1,,,,,,,,,,,,,,,,,,,,,,,,,,,,,,,,,,,,,,,,,,,,,
Appeal For Charities and Goodwill Inc. (ACGI) Missions - Missions of Peace Youth Summer,50 W 71st St,Chicago,IL,60621,-87.627131,41.765550,https://acgimissions.org/peace/,773- 651-5400,"For youth between the ages of 6-24 years, Missions of Peace serves as a community enrichment site with programs designed by youths to promote local peace, peer-to-peer counseling (peace circles), building partnerships, mentorship, online journalism/publication, social research, and development of peace rallies.",,,,,,,,,,,,,,,,,,,,,,,,,,,,,,,,,,,,,,,,,,,,,,,,,,,,,,,,,,,,,,,,,,,,,,,,,,,,,,,,,,,,,,,,,,,,,,,,1,,,
Back to God Church Food Pantry,7326 S Racine Ave,Chicago,IL,60636,-87.654018,41.760648,"https://www.chicagosfoodbank.org/locations/back-to-god-church/
",773- 224-7083,HOURS: Tuesday 9:00 am - 11:00 am.  SERVICE AREA: Cook County.,,,,1,,,,,,,,,,,,,,,,,,,,,,,,,,,,,,,,,,,,,,,,,,,,,,,,,,,,,,,,,,,,,,,,,,,,,,,,,,,,,,,,,,,,,,,,,,,,,,,
Bass Elementary School,1140 W 66th St,Chicago,IL,60621,-87.653364,41.774191,https://chicagoearlylearning.org/location/557/perkins-bass-elementary-school/,773- 535-3275,"Head Start.  Chicago Public Schools early childhood school based preschool program, ages 3-5 years.",,,,,,,,,,,,,,,,,,,,,,,,,,,,,,,,,,,,,,,,,,,,,,,,,,,,,,,,,,,,,,,,,,,,,,,,,,,,,,,,,,,,,,,,,,,,,,,,,,,
Beautiful Zion Baptist Church Food Pantry,1406 W 64th St,Chicago,IL,60636,-87.659651,41.777737,https://www.chicagosfoodbank.org/locations/beautiful-zion-baptist-church/,773- 778-7271,HOURS: Thursday 12:30 pm - 3:30 pm.  SERVICE AREA: N: 55th; S: 75th; E: State W: Western.,,,,1,,,,,,,,,,,,,,,,,,,,,,,,,,,,,,,,,,,,,,,,,,,,,,,,,,,,,,,,,,,,,,,,,,,,,,,,,,,,,,,,,,,,,,,,,,,,,,,
Believe in Thine Heart Food Pantry,6000 S Ashland Ave,Chicago,IL,60636,-87.664388,41.784819,https://www.chicagosfoodbank.org/locations/believe-in-thine-heart-min/,773- 737-1009,HOURS: Friday 4:00 pm - 6:00 pm. SERVICE AREA: Zip Code 60636.,,,,1,,,,,,,,,,,,,,,,,,,,,,,,,,,,,,,,,,,,,,,,,,,,,,,,,,,,,,,,,,,,,,,,,,,,,,,,,,,,,,,,,,,,,,,,,,,,,,,
Beloved Community Family Wellness Center,6821 S Halsted St,Chicago,IL,60621,-87.644505,41.769952,http://bcfwc.org/wps/,773- 651-3629,"Federally Qualified Health Center provides comprehensive, accessible and affordable primary health care, preventive education, and social service programs to the Greater Englewood and surrounding communities. Services include prenatal care, immunizations, well-child care, confidential teen care, and men's and women's health care.",,,,,,,,,,,,,,,,,,,,,,,,,,,,,,,,,,,,,,,,,,,,,,,,,,,,,1,,,1,,1,,,,1,,,,,,,1,,,,,,,,,,,,,,,,,,,,,,,,,,,,,,
Beteur 1 Child Care,7045 S Halsted St,Chicago,IL,60621,-87.644395,41.765669,https://www.facebook.com/beteur1childcare/,773- 538-5315; 773- 962-9960 ,Child care/day care for children ages 2-5 years old.,,,,,,,,,,1,,,,,,,,,,,,,,,,,,,,,,,,,,,,,,,,,,,,,,,,,,,,,,,,,,,,,,,,,,,,,,,,,,,,,,,,,,,,,,,,,,,,,,,,,
Bethel Imani Lutheran Church Food Pantry,6201 S Sangamon St,Chicago,IL,60621,-87.648405,41.781172,http://bethel.startlogic.com/bulletin.html,773- 487-8136 ,HOURS: Monday 4:00 pm - 6:00 pm.,,,,1,,,,,,,,,,,,,,,,,,,,,,,,,,,,,,,,,,,,,,,,,,,,,,,,,,,,,,,,,,,,,,,,,,,,,,,,,,,,,,,,,,,,,,,,,,,,,,,
Bond Elementary School,7050 S May St,Chicago,IL,60621,-87.652934,41.765448,https://chicagoearlylearning.org/location/569/carrie-jacobs-bond-elementary-school/,773- 535-3480,"Head Start.  Chicago Public Schools early childhood school based preschool program, ages 3-5 years.",,,,,,,,,,,,1,,,,,,,,,,,,,,,,,,,,,,,,,,,,,,,,,,,,,,,,,,,,,,,,,,,,,,,,,,,,,,,,,,,,,,,,,,,,,,,,,,,,,,,
Bright Star Community Outreach Trauma Counseling Helpline ,"4518 S. Cottage Grove, 1st Floor",Chicago,IL,60653,-87.607152,41.812.758,https://www.brightstarcommunityoutreach.com/new-page/,833-887-6123,"Trauma Counseling Helpline: Monday, Wednesday, Friday 9am-6pm.",,,,,,,,,,,,,,,,,,,,,,,,,,,,,,,,,,,,,,,,,,,,,,,,,,,,,,,,,,,,,,,,,,,,,,,,,,,,1,,,,,,,,,,,,,,,,,,,,,,,
Building Blocks Learning Academy,1120 W 69th St,Chicago,IL,60621,-87.652659,41.768735,https://www.facebook.com/Building-Blocks-Learning-Academy-432862623469606/,773- 488-2222,"Child care/day care, Head Start.",,,,,,,,,,1,,1,,,,,,,,,,,,,,,,,,,,,,,,,,,,,,,,,,,,,,,,,,,,,,,,,,,,,,,,,,,,,,,,,,,,,,,,,,,,,,,,,,,,,,,
By the Hand Club For Kids,8301 S Damen Ave,Chicago,IL,60620,-87.672598,41.742372,http://bythehand.org,773-413-0895,"Christ-centered, after-school program.",,,,,,,,,,,,,,,,,,,,,,,,,,,,,,,,,,,,,,,,,,,,,,,,,,,,,,,,,,,,,,,,,,,,,,,,,,,,,,,,,,,,,,1,,,,,,,,,,,,,
Canaan MBC Food Ministry Food Pantry,6659 S Harvard Ave,Chicago,IL,60621,-87.633215,41.772941,https://www.chicagosfoodbank.org/locations/canaan-m-b-c-food-ministry/,773- 487-9497,HOURS: Saturday 9:00 am to 12:00 pm.  SERVICE AREA: Cook County.,,,,1,,,,,,,,,,,,,,,,,,,,,,,,,,,,,,,,,,,,,,,,,,,,,,,,,,,,,,,,,,,,,,,,,,,,,,,,,,,,,,,,,,,,,,,,,,,,,,,
"Changing Life Education Initiative, Inc.","400 W 76th St, Suite 360",Chicago,IL,60620,-87.634548,41.756275,http://www.changinglifeinc.com,773-891-3340/800-520-9946,"Afterschool programs, mentoring, summer camp, workforce development.",,,,,,,,,,,,,,,,,,,,,,,,,,,,,,,,,,,1,1,,,,,,,,,,,,,,,,,,,,,,,,,,,,,,,,,,,,,,,,,,,,,,,,,,1,,,,,,1,,,,1,,,
"Chicago Child Care Society, Extended Family Support Program",5467 S University Avenue,Chicago,IL,60615,-87.597628,41.796120,http://www.cccsociety.org/our-programs/family-support-services/family-support/,773- 643-0452,"Supports relative caregivers (grandparents, aunts, uncles, older siblings, etc.) in adjusting to the many challenges that accompany the role of relative caregiver. The goal is to stabilize families and keep children from entering the foster care system.",,,,,,,,,,,,,,,,,,,,,,,,,,,,,,,,,,,,,,,,1,,,,,,,,,,,,,,,,,,,,,,,,,,,,,,,,,,,,,,,,,,,,,,,,,,,,,,,,,,,
"Chicago Child Care Society, Next Step College Readiness",5467 S University Avenue,Chicago,IL,60615,-87.597628,41.796120,http://www.cccsociety.org/our-programs/teen-programs/next-step/,773- 643-0452,"Provides mentoring support for pregnant and parenting teens and structured, interactive curriculum to prepare teen parents for college and future self-sufficiency.  Open to both teen moms and teen dads. It begins in the junior year of high school and continues through high school graduation.  Group meetings and activities at the agency and onsite at several Chicago public and alternative high schools.",,,,,,,,,,,1,,,1,,1,,,,1,,,,,,,,,,,,,,,,,,,,,,,,,,,,,,,,,,,,,,,,,,,,,,,,,,,,,,,,,,,,,,,,,,,,,,,,,,,,,,,
"Chicago Child Care Society, The Preschool Center - Englewood",7000 S Parnell Ave,Chicago,IL,60621,-87.638419,41.766840,http://www.cccsociety.org/the-preschool-centers/the-preschool-center-englewood/,"773-643-0452, Ext. 2470",Part of both Head Start and the Chicago Public Schools Community Partnership Program. Serves children ages 3 through 5. ,,,,,,,,,,1,,1,,,,,,,,,,,,,,,,,,,,,,,,,,,,,,,,,,,,,,,,,,,,,,,,,,,,,,,,,,,,,,,,,,,,,,,,,,,,,,,,,,,,,,,
Chicago Domestic Violence Help Line,,,,,,,,877-863-6338; TTY: 877-863-6339  ,"24-hour, toll-free confidential number that functions as a clearinghouse for domestic violence services and information.",,,,,,,,,,,,,,,,,,,,,,,,,,,,,,,,,,,,,,,,,,,,,,,,,,,,,,,,,,,,,,,,,,,,,,,,,1,,,,,,,,,,,,,,,,,,,,,,,,,,
Chicago Public Library: Kelly Branch,6151 S Normal Blvd,Chicago,IL,60621,-87.637384,41.782610,https://chipublib.bibliocommons.com/locations/?near_addr=60621&_ga=2.132574990.1222283880.1507660745-260519240.1498855545,312- 747-8418,Homework help and computer help,,,,,,,,,,,,,,,,,,,,,1,,,,1,,,,,,,,,,,,,,,,,,,,,,,,,,,,,,,,,,,,,,,,,,,,,,,,,,,,,,,,,,,,,,,,,,,,,,,,,,
Chicago Public Library: Sherman Park Branch,5440 S Racine Ave,Chicago,IL,60609,-87.655152,41.795069,https://chipublib.bibliocommons.com/locations/?near_addr=60621&_ga=2.132574990.1222283880.1507660745-260519240.1498855545,312- 747-0477,Homework help and computer help,,,,,,,,,,,,,,,,,,,,,1,,,,1,,,,,,,,,,,,,,,,,,,,,,,,,,,,,,,,,,,,,,,,,,,,,,,,,,,,,,,,,,,,,,,,,,,,,,,,,,
Chicago Public Library: Thurgood Marshall Branch,7506 S Racine Ave,Chicago,IL,60620,-87.654406,41.757596,https://chipublib.bibliocommons.com/locations/?near_addr=60621&_ga=2.132574990.1222283880.1507660745-260519240.1498855545,312- 747-5927,Homework help and computer help,,,,,,,,,,,,,,,,,,,,,1,,,,1,,,,,,,,,,,,,,,,,,,,,,,,,,,,,,,,,,,,,,,,,,,,,,,,,,,,,,,,,,,,,,,,,,,,,,,,,,
Chicago Public Library: West Englewood Branch,1745 W 63rd St,Chicago,IL,60636,-87.668475,41.779292,https://chipublib.bibliocommons.com/locations/?near_addr=60621&_ga=2.132574990.1222283880.1507660745-260519240.1498855545,312- 747-3481,Homework help and computer help,,,,,,,,,,,,,,,,,,,,,1,,,,1,,,,,,,,,,,,,,,,,,,,,,,,,,,,,,,,,,,,,,,,,,,,,,,,,,,,,,,,,,,,,,,,,,,,,,,,,,
Children Learn & Play Day Care II,6512 S Halsted St,Chicago,IL,60621,-87.644708,41.775629,https://www.facebook.com/childenlearningandplaydaycare/,773- 966-7162,Child care/day care. ,,,,,,,,,,1,,,,,,,,,,,,,,,,,,,,,,,,,,,,,,,,,,,,,,,,,,,,,,,,,,,,,,,,,,,,,,,,,,,,,,,,,,,,,,,,,,,,,,,,,
Children of Tomorrow Learning Center Inc.,7322 S Damen Ave,Chicago,IL,60636,-87.673469,41.760420,https://www.facebook.com/pages/Children-of-Tomorrow-Learning-Center/863872570372778,773-255-2077,Child care/day care. ,,,,,,,,,,1,,,,,,,,,,,,,,,,,,,,,,,,,,,,,,,,,,,,,,,,,,,,,,,,,,,,,,,,,,,,,,,,,,,,,,,,,,,,,,,,,,,,,,,,,
Children's Home + Aid-Marshfield Office,5958 S Marshfield Ave,Chicago,IL,60636,-87.665608,41.785120,https://www.childrenshomeandaid.org,773- 918-8600,"Programs include Power of Fathers One Summer Chicago, early childhood programs, child & family counseling, adoption services, foster care support, and family preservation services.",,,,,,,,,,,1,,,,,,,,,,,,,,,,,,,,,,,,,,,1,,1,1,,,,,,,,,,1,,,,,,,,,,,,,,,,,,,,,,,,,,,,,,,,,,,,,,,,,,,,,,,,
ChildServ - Chicago South,"3753 S Cottage Grove Ave, 2nd Floor",Chicago,IL,60653,-87.607901,41.826425,http://childserv.org,,"Programs include early childhood parenting (home visit and center-based), foster care and adoption support, teen mom program, mental health counseling, and preventive health. ",,,,,,,,,,,,,1,1,,,,,,,,,,,,,,,,,,,,,,,,1,,1,1,,,,,1,,,,,1,,,,,,,,,,,,,,,,,,,,,,,,,,,,,,,,,,,,,,,,,,,,,,,,
"Christ Center of Truth - ""The Knowledge Center""",402 W 71st St,Chicago,IL,60621,-87.634872,41.765375,http://christcenteroftruththeknowledgecenter.yolasite.com,773- 487-3088/773- 791-9232,"After school program, Gateway to Success, offers homework help, tutoring in reading, writing and math, educational movies, field trips in and out of Chicago, arts and crafts, spelling bees, light snacks and more.",,,,,,,,,,,,,,,,,1,,,,,1,,,1,,,1,,,1,,,,,,,,,,,,,,,,,,,,,,,,,,,,,,,,,,,,,,,,,,,,,,,,,,,,,,,1,1,,,1,,,,,,,,,
Claremont Academy Elementary School,2300 W 64th St,Chicago,IL,60636,-87.681149,41.777447,https://chicagoearlylearning.org/location/609/claremont-academy-elementary-school/,773- 535-8110,"Head Start.  Chicago Public Schools early childhood school based preschool program, ages 3-5 years.",,,,,,,,,,,,1,,,,,,,,,,,,,,,,,,,,,,,,,,,,,,,,,,,,,,,,,,,,,,,,,,,,,,,,,,,,,,,,,,,,,,,,,,,,,,,,,,,,,,,
CPS Student Outreach And Re-engagement (SOAR) Center,945 W 69th St,Chicago,IL,60621,-87.649051,41.768733,http://cps.edu/About_CPS/Departments/Pages/EducationOptions.aspx,773- 358-3248,"CPS S.O.A.R is focused on the re-engagement of out of school and chronically truant youth and serves as a location for families seeking support to re-enroll in school.  Services include monitoring support for students post-re-enrollment, enrollment assistance with getting back into best fit school based on student assessments and academic history, training to prepare students for re-entry, social emotional supports through individual and group counseling services. ",,,,,,,,,,,,,,,,,,,,,,,,,,,1,,,,,,,,,,,,,,,,,,,,,,,,,,,,,,,,,,,,,,,,,,,,,,,,,,,,,,1,,,,,,,,,,,,1,,,,,,
Crisis Text Line,,,,,,,https://www.crisistextline.org/,,"Crisis Text Line is free, 24/7 support for those in crisis. Text 741741 from anywhere in the US to text with a trained Crisis Counselor.  Some quick things to check out before you text in:  What is a crisis?  How does Crisis Text Line work?  What else can I do right now to cope?  Take our quiz to find out if Crisis Text Line is the right resource for you in this moment, and get some suggestions and resources along the way!",,,,,,,,,,,,,,,,,,,,,,,,,,,,,,,,,,,,,,,,,,,,,,,,,,,,,,,,,,,,,,,,,,,,,,,,1,,,,,,,,,,,,,,,,,,,,,,,,,,,
Crushers Club,1406 W 64th St,Chicago,IL,60636,-87.659651,41.777737,http://crushersclub.org/,312- 221-0289,Youth boxing club with a mission to provide a strong alternative to gangs.,,,,,,,,,,,,,,,,,,,,,,,,,,,,,,,,,,,,,,,,,,,,,,,,,,,,,,,,,,,,,1,,,,,,,,,,,,,,,,,,,,,,,,,1,,,1,,,,,,1,,,,
Crystal Palace Early Literacy Zone,1459 W 74th St,Chicago,IL,60636,-87.661271,41.759463,,773- 994-6844,Childcare/daycare for children age 6 weeks to 6 years.,,,,,,,,,,1,,,,,,,,,,,,,,,,,,,,,,,,,,,,,,,,,,,,,,,,,,,,,,,,,,,,,,,,,,,,,,,,,,,,,,,,,,,,,,,,,,,,,,,,,
D&H Literacy Center,7033 S Honore St,Chicago,IL,60636,-87.669891,41.766038,https://dhliteracycenter.wordpress.com/,312- 898-1812,"After school tutoring for grades 1-7, adult literacy program, parenting, anger management, and domestic violence classes.",,,,,,,,,,,,,,1,,,,,,,,,,,,,,1,,,1,,,,,,,,1,,,,,1,,,,,,1,,,,,,,,,,,,,,,,,,,,,,,,,,,,,,,,,,,,1,,,,,,,,,,,,,
DFSS Community Service Center - Englewood,1140 W 79th St,Chicago,IL,60620,-87.652932,41.750528,https://www.cityofchicago.org/city/en/depts/fss/supp_info/community_servicecenterlocations.html,312- 747-0200,"Provides a wide range of resources, such as shelter, food and clothing,  domestic violence assistance, job training/placement and prisoner re-entry, and information about rental, utility and other financial assistance programs to individuals and families in need. The facilities serve as Warming and Cooling Centers during periods of extreme weather. ",,1,1,1,,1,,,,,,,,,,,,,,,,,,,,,,,,,,,,1,1,,,,1,,,1,,,,,,,,1,,,,,,,,,,,,,,,,,,,,,,,,,,,,,1,,,1,,,,,,,,,,,,,,,,,
Diana's Playpen of Little Geniuses Inc.,6236 S Western Ave,Chicago,IL,60636,-87.683688,41.779990,http://www.dianasplaypen.net/index2.html,773- 737-6700,Childcare/daycare ages 6 weeks to 6 years old. ,,,,,,,,,,1,,,,,,,,,,,,,,,,,,,,,,,,,,,,,,,,,,,,,,,,,,,,,,,,,,,,,,,,,,,,,,,,,,,,,,,,,,,,,,,,,,,,,,,,,
Earle STEM Elementary School,2024 W 62nd St,Chicago,IL,60636,-87.674894,41.781183,https://chicagoearlylearning.org/location/649/,773- 535-9130,"Chicago Public Schools early childhood school based preschool program, ages 3-5 years.",,,,,,,,,,,,1,,,,,,,,,,,,,,,,,,,,,,,,,,,,,,,,,,,,,,,,,,,,,,,,,,,,,,,,,,,,,,,,,,,,,,,,,,,,,,,,,,,,,,,
Elite House of Sober Living Inc. ,1236 W 72nd Pl,Chicago,IL,60636,-87.655482,41.762328,http://www.elitehousesofsoberliving.com,773- 994-8353,"Provides structured living environment, counseling, and case management for individuals that struggle with alcohol/drugs, criminal lifestyles, and homelessness.  Males 18 years and older. Candidates must be employed or demonstrate the ability to secure employment. ",,,,,,1,,,,,,,,,,,,,,,,,,,,,,,,,,,,,,,,,,,,,,,,,,,,,,,,,,,,,,,,,,,,,1,,,,,,,,,,,,,,,,,,,,,,,,,,,,,,,,
Englewood Health Center of Cook County,1135 W 69th St,Chicago,IL,60621,-87.653361,41.768663,http://www.cookcountyhhs.org/health-centers/englewood-health-center/,773- 483-5011,"Health center provides following services: behavioral health, family medicine, psychologist, and social work.",,,,,,,,,,,,,,,,,,,,,,,,,,,,,,,,,,,,,,,,,,,,,,1,,,,,,,1,,,,,,,,,,,,,,,,,,,,,,,,,,,,,,,,,,,,,,,,,,,,,,
Englewood UMC Food Pantry ,6400 S Stewart Ave,Chicago,IL,60621,-87.638722,41.773912,https://www.chicagosfoodbank.org/locations/englewood-umc-food-pantry/,773- 846-0665,HOURS: Wednesday 3:30 pm - 5:30 pm.  SERVICE AREA: Cook County.,,,,1,,,,,,,,,,,,,,,,,,,,,,,,,,,,,,,,,,,,,,,,,,,,,,,,,,,,,,,,,,,,,,,,,,,,,,,,,,,,,,,,,,,,,,,,,,,,,,,
Family Focus of Englewood,6727 S Western Ave,Chicago,IL,60636,-87.683385,41.771131,http://www.family-focus.org/centers/englewood,312- 745-3328,"Programs and services include family planning, home visiting for pregnant and parenting teens, prenatal and parenting support group, fatherhood program, trauma-focus therapy to families with children age 6 and younger, grandparent raising grandchildren, and referrals to other services (housing, GED, food, light and gas subsidies etc.).",,,,,,,,,,,1,,1,1,,,,,,,,,,,,,,,,,,,,,,,,,,1,,,,,,,,,,,1,1,,,,,,,,,,,,,,,,,,,,,,,,,,,,,,,,,,,,,,,,,,,,,,,
First Start Childcare Academy South,5700 S Ashland Ave,Chicago,IL,60636,-87.664528,41.790219,https://chicagoearlylearning.org/location/294/first-start-academy-south/, 773-778-4850,Child care/day care.  Head Start and Early Head Start.,,,,,,,,,,1,,1,,,,,,,,,,,,,,,,,,,,,,,,,,,,,,,,,,,,,,,,,,,,,,,,,,,,,,,,,,,,,,,,,,,,,,,,,,,,,,,,,,,,,,,
"First Step Learning Daycare, Inc. ",6401 S Ashland Ave,Chicago,IL,60636,-87.664144,41.777492,https://www.facebook.com/firststeplearning6401/,773-434-3100,Child care/day care.  ,,,,,,,,,,1,,,,,,,,,,,,,,,,,,,,,,,,,,,,,,,,,,,,,,,,,,,,,,,,,,,,,,,,,,,,,,,,,,,,,,,,,,,,,,,,,,,,,,,,,
Greater Englewood Chamber of Commerce,815 W 63rd St,Chicago,IL,60621,-87.645568,41.779394,www.gechamber.com,312- 880-9674,"Offers teens the opportunity to volunteer with the Chamber to get hands on training in relationship building, marketing, and business etiquette development.",,,,,,,,,,,,,,,,,,,,,,,,,,,,,,,,,,,,,,,,,,,,,,,,,,,,,,,,,,,,,,,,,,,,,,,,,,,,,,,,,,,,,,,,,,,,,,,,,1,,
Greater St. John AME Church Food Pantry,6201 S Throop St,Chicago,IL,60636,-87.657051,41.781362,https://www.chicagosfoodbank.org/locations/greater-st-john-ame-church/,773- 925-2262 x63,HOURS: Thursday 9:00 am - 11:00 am.  SERVICE AREA: Zip Code 60636.,,,,1,,,,,,,,,,,,,,,,,,,,,,,,,,,,,,,,,,,,,,,,,,,,,,,,,,,,,,,,,,,,,,,,,,,,,,,,,,,,,,,,,,,,,,,,,,,,,,,
Harvard Elementary School,7525 S Harvard Ave,Chicago,IL,60620,-87.632819,41.757617,https://chicagoearlylearning.org/location/698/john-harvard-elementary-school/,773- 535-3045,"Head Start.  Chicago Public Schools early childhood school based preschool program, ages 3-5 years.",,,,,,,,,,,,1,,,,,,,,,,,,,,,,,,,,,,,,,,,,,,,,,,,,,,,,,,,,,,,,,,,,,,,,,,,,,,,,,,,,,,,,,,,,,,,,,,,,,,,
Henderson Elementary School,5650 S Wolcott Ave,Chicago,IL,60636,-87.671798,41.790916,https://chicagoearlylearning.org/location/706/,773- 535-9080,"Head Start.  Chicago Public Schools early childhood school based preschool program, ages 3-5 years.",,,,,,,,,,,,,,,,,,,,,,,,,,,,,,,,,,,,,,,,,,,,,,,,,,,,,,,,,,,,,,,,,,,,,,,,,,,,,,,,,,,,,,,,,,,,,,,,,,,
Holmes Elementary School,955 W Garfield Blvd,Chicago,IL,60621,-87.649240,41.793874,https://chicagoearlylearning.org/location/716/oliver-wendell-holmes-elementary-school/,773- 535-9025,"Head Start.  Chicago Public Schools early childhood school based preschool program, ages 3-5 years.",,,,,,,,,,,,1,,,,,,,,,,,,,,,,,,,,,,,,,,,,,,,,,,,,,,,,,,,,,,,,,,,,,,,,,,,,,,,,,,,,,,,,,,,,,,,,,,,,,,,
Holy Willing Workers of Christ Food Pantry,716 W 69th St,Chicago,IL,60621,-87.641929,41.768901,https://www.chicagosfoodbank.org/locations/holy-willing-workers-of-christ/,773- 994-0277,HOURS: Friday 12:30 pm - 2:30 pm.  SERVICE AREA: N: 55th St; S: 79th St;  E: Wentworth; W: Carpenter.,,,,1,,,,,,,,,,,,,,,,,,,,,,,,,,,,,,,,,,,,,,,,,,,,,,,,,,,,,,,,,,,,,,,,,,,,,,,,,,,,,,,,,,,,,,,,,,,,,,,
Human Resources Development Institute - Assertive Community Treatment (ACT),1149 W. 79th Street,Chicago,IL,60620,-87.653266,41.751735,http://www.hrdi.org/our-services.html,773-966-0333,Community-based mental health and supportive services for adults (18 years of age and older) with serious and persistent mental illness or co-occurring mental health and medical or alcohol/substance abuse disorders. ,,,,,,,,,,,,,,,,,,,,,,,,,,,,,,,,,,,,,,,,,,,,,,1,,,,,,,,,,,,,,,,,,,,,1,,,,,,,,,,,,,,,,,,,,,,,,,,,,,,,,
Human Resources Development Institute - Women's Supportive Housing,1223 W Marquette Rd,Chicago,IL,60636,-87.655261,41.772283,www.hrdi.org,773-651-2720,A HUD-funded program that provides supportive housing and mental health services to 16 women over the age of 18 who have been classified as homeless immediately prior to admission. Women referred  to this program can be unfunded (without insurance).,,,,,,,,,,,,,,,,,,,,,,,,,,,,,,,,,,,,,,,,,,,,,,1,,,,,,,,,,,,,,,,,,,,,,,,,,,,,,,,,,,,,,,,,,,,,,,,,,,,,
I Grow Chicago,6402 S Honore St,Chicago,IL,60636,-87.670288,41.777349,http://www.igrowchicago.org/,312-286-7392,"Programs include sustainable farming and educational programs in nutrition, yoga and the arts.  After school programs, camps, mentoring, men's group, and laundry services.",,,,,,,1,,,,,,,,,,1,,,,,,,,,,,,,,,,,,,,,,,,,,,,,,,,,,,,,,,,,,,1,,,,,,,,,,,,,,,,,,,,,,,1,,,1,1,,,,,1,,,,1,,,
I Have a Dream Learning Day Care Center,6117 S Ashland Ave,Chicago,IL,60636,-87.664264,41.782542,https://www.facebook.com/pg/Ihaveadreamlearning/about/,773-424-0636,Child care/day care.  ,,,,,,,,,,1,,,,,,,,,,,,,,,,,,,,,,,,,,,,,,,,,,,,,,,,,,,,,,,,,,,,,,,,,,,,,,,,,,,,,,,,,,,,,,,,,,,,,,,,,
IL Department of Children & Family Services Child Abuse Reporting Hotline,,,,,,,https://www.IL.gov/dcfs/safekids/reporting/Pages/index.aspx,800-25-ABUSE (800-252-2873); TTY 1-800-358-5117,"Call the 24-hour Child Abuse Hotline if you suspect that a child has been harmed or is at risk of being harmed by abuse or neglect. If you believe a child is in immediate danger of harm, call 911 first.",,,,,,,,,,,,,,,,,,,,,,,,,,,,,,,,,,,,,,,,,,,,,,,,,,,,,,,,,,,,,,,,,,,,,,,1,,,,,,,,,,,,,,,,,,,,,,,,,,,,
Illinois HIV/STI/STD Hotline ,,,,,,,,800-243-2437,"Free and anonymous hotline offering up-to-date, medically-accurate information on AIDS/HIV and sexually-transmitted diseases (STDs), emotional support, and state-wide referrals for healthcare and social services related to AIDS/HIV and STDs. ",,,,,,,,,,,,,,,,,,,,,,,,,,,,,,,,,,,,,,,,,,,,,,,,,,,,,,,,,,,,,,,,,,,,,,,,,,1,,,,,,,,,,,,,,,,,,,,,,,,,
Imagine Englewood If,730 W 69th St,Chicago,IL,60621,-87.642633,41.768882,http://www.imagineenglewoodif.org,773-488-6704,"Programs include lead poisoning prevention, healthy eating/nutrition, violence prevention, homework help, tutoring, mentorship, field trips, community garden, and arts and crafts. After school program, summer camp.",,,,,,,1,,,,,,,,,,,,,,1,,,,,,,,,,1,,,,,,,,,,,,,,,,,,,,,,,,,,,,,1,,,,,,,,,,,,,,,,,,,,1,,,1,1,,1,,,1,1,,,,,,1,,,
In Touch Hotline,,,,,,,http://counseling.uic.edu/hotline.shtml,312-996-5535,"Sunday-Friday 6:00pm - 10:00pm.  Free telephone crisis intervention, counseling, and referral service offered to UIC students and members of the greater Chicagoland area for a wide range of problems including, but not limited to crisis situations, anxiety and panic, conflict resolution, relationship issues, difficult decisions, isolation, stress, depression, LGBT issues, loneliness, family concerns, referrals, academic stress, and trouble deciding on a major.",,,,,,,,,,,,,,,,,,,,,,,,,,,,,,,,,,,,,,,,,,,,,,,,,,,,,,,,,,,,,,,,,,,,,,,,1,,,,,,,,,,,,,,,,,,,,,,,,,,,
"Jellybean Learning Center V, Inc.",1455 W 63rd St,Chicago,IL,60636,-87.661541,41.779483,No website,773-321-5096,Child care/day care.,,,,,,,,,,1,,,,,,,,,,,,,,,,,,,,,,,,,,,,,,,,,,,,,,,,,,,,,,,,,,,,,,,,,,,,,,,,,,,,,,,,,,,,,,,,,,,,,,,,,
Just Like Home Childcare Center Inc.,1249 W 63rd St,Chicago,IL,60636,-87.656511,41.779553,https://www.facebook.com/justlikehome63/,773-434-1999,Child care/day care.,,,,,,,,,,1,,,,,,,,,,,,,,,,,,,,,,,,,,,,,,,,,,,,,,,,,,,,,,,,,,,,,,,,,,,,,,,,,,,,,,,,,,,,,,,,,,,,,,,,,
Kennedy King - City Colleges of Chicago Adult Education,6301 S Halsted St,Chicago,IL,60621,-87.644745,41.779511,http://www.ccc.edu/site/Pages/adult-education.aspx,773- 602-5000,"City Colleges of Chicago offers free classes to help learn English (ESL), earn high school equivalency certificate, go to college, and build a career. Students seeking high school equivalency may be eligible for scholarships covering more than half the cost of either the GED® or HiSET® exams.  Students taking ESL and high school equivalency classes may be able to take courses for college credit at reduced cost through Career Bridge and Gateway programs.",,,,,,,,,,,,,,,,,,,,,,,,1,,,,,,,,,,,,,,,,,,,,,,,,,,,,,,,,,,,,,,,,,,,,,,,,,,,,,,,,,,,,,,,,,,,,,,,,,,,
Kennedy-King College Child Development Lab School,710 W 65th St,Chicago,IL,60621,-87.642889,41.776165,http://www.ccc.edu/colleges/kennedy/departments/Pages/Child-Care.aspx,773- 602-5481,Early childhood program including Head Start.,,,,,,,,,,1,,1,,,,,,,,,,,,,,,,,,,,,,,,,,,,,,,,,,,,,,,,,,,,,,,,,,,,,,,,,,,,,,,,,,,,,,,,,,,,,,,,,,,,,,,
Kiddie Steps 4 You ,1700 W 63rd St,Chicago,IL,60636,-87.666822,41.779438,http://kiddiesteps4you.com,312- 471-2445,Child care/day care including Head Start.  Children ages 6 weeks to 12 years.,,,,,,,,,,1,,1,,,,,,,,,,,,,,,,,,,,,,,,,,,,,,,,,,,,,,,,,,,,,,,,,,,,,,,,,,,,,,,,,,,,,,,,,,,,,,,,,,,,,,,
Kids Are Us Learning Center ,7453 S Vincennes Ave,Chicago,IL,60621,-87.631150,41.758557,No website,773-846-5437,Child care/day care.,,,,,,,,,,1,,,,,,,,,,,,,,,,,,,,,,,,,,,,,,,,,,,,,,,,,,,,,,,,,,,,,,,,,,,,,,,,,,,,,,,,,,,,,,,,,,,,,,,,,
King Academy of Social Justice Elementary School,644 W 71st St,Chicago,IL,60621,-87.640979,41.765304,http://www.kingacademy.cps.edu/,773- 535-3875,Pre-K.,,,,,,,,,,,,1,,,,,,,,,,,,,,,,,,,,,,,,,,,,,,,,,,,,,,,,,,,,,,,,,,,,,,,,,,,,,,,,,,,,,,,,,,,,,,,,,,,,,,,
King's Kiddie Kingdom,815 W 74th St,Chicago,IL,60621,-87.644819,41.759704,No website,773- 488-6016,Child care/day care.,,,,,,,,,,1,,,,,,,,,,,,,,,,,,,,,,,,,,,,,,,,,,,,,,,,,,,,,,,,,,,,,,,,,,,,,,,,,,,,,,,,,,,,,,,,,,,,,,,,,
King's Kiddie Kingdom II,7400 S Green St,Chicago,IL,60621,-87.645498,41.759590,No website,773- 488-6016,Child care/day care.,,,,,,,,,,1,,,,,,,,,,,,,,,,,,,,,,,,,,,,,,,,,,,,,,,,,,,,,,,,,,,,,,,,,,,,,,,,,,,,,,,,,,,,,,,,,,,,,,,,,
Langford Community Academy,6010 S Throop St,Chicago,IL,60636,-87.657099,41.756709,https://chicagoearlylearning.org/location/737/,773- 535-9180,"Head Start.  Chicago Public Schools early childhood school based preschool program, ages 3-5 years.",,,,,,,,,,,,1,,,,,,,,,,,,,,,,,,,,,,,,,,,,,,,,,,,,,,,,,,,,,,,,,,,,,,,,,,,,,,,,,,,,,,,,,,,,,,,,,,,,,,,
Lez Enfants Academy Inc. ,7209 S Halsted St,Chicago,IL,60621,-87.644315,41.763061,https://www.facebook.com/LezEnfantsAcademy/,773-846-5393,Child care/day care.,,,,,,,,,,1,,,,,,,,,,,,,,,,,,,,,,,,,,,,,,,,,,,,,,,,,,,,,,,,,,,,,,,,,,,,,,,,,,,,,,,,,,,,,,,,,,,,,,,,,
Lindblom Park,6054 S Damen Ave,Chicago,IL,60636,-87.674054,41.783849,http://www.chicagoparkdistrict.com/parks/Lindblom-Park/,312- 747-6443,"Programs include after-school, seasonal sports and summer camps.",,,,,,,,,,,,,,,,,,,,,,,,,,,,,,,,,,,,,,,,,,,,,,,,,,,,,,,,,,,,,1,,,,,,,,,,,,,,,,,,,,,,,,,1,,,,,,,,,1,1,,,
"Literacy Zone, Inc. ",5831 S Western Ave,Chicago,IL,60636,-87.683814,41.787418,No website,773- 306-0856,Child care/day care.,,,,,,,,,,1,,,,,,,,,,,,,,,,,,,,,,,,,,,,,,,,,,,,,,,,,,,,,,,,,,,,,,,,,,,,,,,,,,,,,,,,,,,,,,,,,,,,,,,,,
Little Angels Learning Center,6701 S Emerald Ave,Chicago,IL,60621,-87.643195,41.772282,https://www.facebook.com/pg/Little-Angels-Learning-Center-390647534455853/about/?ref=page_internal,773- 488-8777,Child care/day care.,,,,,,,,,,1,,,,,,,,,,,,,,,,,,,,,,,,,,,,,,,,,,,,,,,,,,,,,,,,,,,,,,,,,,,,,,,,,,,,,,,,,,,,,,,,,,,,,,,,,
Little Hands Child Creative Center,7146 S Ashland Ave,Chicago,IL,60636,-87.663789,41.763519,https://chicagoearlylearning.org/location/337/little-hands-child-creative-center/,773- 471-0662,"Child care/day care.  Preschool, Head Start, Early Head Start.  Home visiting.",,,,,,,,,,1,,,,,,,,,,,,,,,,,,,,,,,,,,,,,,,,,,,,,,,,,,,,,,,,,,,,,,,,,,,,,,,,,,,,,,,,,,,,,,,,,,,,,,,,,
Little Kids Village Learning Center,2656 W 71st St,Chicago,IL,60629,-87.690371,41.764618,http://littlekidsvillage.com/index.html,773- 776-4753,"Child care/day care, preschool, Head Start, kindergarten for children 6 weeks to 6 years of age.",,,,,,,,,,1,,1,,,,,,,,,,,,,,,,,,,,,,,,,,,,,,,,,,,,,,,,,,,,,,,,,,,,,,,,,,,,,,,,,,,,,,,,,,,,,,,,,,,,,,,
Mays Elementary Academy,6656 S Normal Blvd,Chicago,IL,60621,-87.636882,41.773106,https://chicagoearlylearning.org/location/761/,773- 535-3892,"Head Start.  Chicago Public Schools early childhood school based preschool program, ages 3-5 years.",,,,,,,,,,,,,,,,,,,,,,,,,,,,,,,,,,,,,,,,,,,,,,,,,,,,,,,,,,,,,,,,,,,,,,,,,,,,,,,,,,,,,,,,,,,,,,,,,,,
McKay Elementary School,6938 S Washtenaw Ave,Chicago,IL,60629,-87.690685,41.767485,https://chicagoearlylearning.org/location/767/,773- 535-9340,"Head Start.  Chicago Public Schools early childhood school based preschool program, ages 3-5 years.",,,,,,,,,,,,1,,,,,,,,,,,,,,,,,,,,,,,,,,,,,,,,,,,,,,,,,,,,,,,,,,,,,,,,,,,,,,,,,,,,,,,,,,,,,,,,,,,,,,,
Metropolitan Family Services - Midway Center,3843 W 63rd St,Chicago,IL,60629,-87.719582,41.778683,https://www.metrofamily.org/community-centers/midway/,773-884-3310,"Programs and services include adoption preservation (counseling, crisis intervention and 24-hour on-call assistance), domestic violence support for survivors of partner abuse and their children, and for teens and children who have witnessed domestic violence; early learning home visiting for expectant and new parents; parenting fundamentals classes; substance abuse prevention program; young fathers program; and Words to Grow On, a vocabulary building initiative in collaboration with Chicago Public Library.",,,,,,,,,,,1,,1,1,,,,,,,,,,,,,,1,,,,,,,,,,1,1,,,,,,,,,,,1,,,,,,,,,,,,,,,,,1,,,,,,,,,,,,1,,,,,,,,,,,,,,,,,,,,
Metropolitan Family Services - Midway Children's Center,3215 West 63rd Street,Chicago,IL,60629,-87.703840,41.778707,https://www.metrofamily.org/community-centers/midway/,773-884-2350,Provides full-day care and learning for children ages 6 weeks to 5 years in the Chicago Lawn and Greater Englewood communities. ,,,,,,,,,,1,,,,,,,,,,,,,,,,,,,,,,,,,,,,,,,,,,,,,,,,,,,,,,,,,,,,,,,,,,,,,,,,,,,,,,,,,,,,,,,,,,,,,,,,,
Metropolitan Family Services - Midway Head Start Center,6422 South Kedzie,Chicago,IL,60629,-87.703274,41.776602,https://www.metrofamily.org/community-centers/midway/,773-884-2400,Head Start.   Serves children ages 3-5 years.,,,,,,,,,,,,1,,,,,,,,,,,,,,,,,,,,,,,,,,,,,,,,,,,,,,,,,,,,,,,,,,,,,,,,,,,,,,,,,,,,,,,,,,,,,,,,,,,,,,,
Mitzi Freidheim Englewood Child + Family Center,1701 W 63rd St,Chicago,IL,60636,-87.666861,41.779383,https://www.childrenshomeandaid.org/early-childhood-care-education/community-child-care-centers/childrens-home-aid-mitzi-freidheim-englewood-child-family-center/, 773- 434-3100,"The center supports a wide range of programs serving children and parents including Head Start, Early Head Start, Raising A Reader, child care referral, computer literacy, parent support services.",,,,,,,,,,1,,1,,1,,,,,,,1,,,,,,,1,,,,,,,,,,,,,,,,,,,,,,,,,,,,,,,,,,,,,,,,,,,,,,,,,,,,,,,,,,,,,,,,,,,,,,,
Mother's Touch Day Care Center,2501 W 71st St,Chicago,IL,60629,-87.685861,41.764643,https://www.facebook.com/Motherstouchdaycarecenter/,773- 436-3177,Child care/day care.  ,,,,,,,,,,1,,,,,,,,,,,,,,,,,,,,,,,,,,,,,,,,,,,,,,,,,,,,,,,,,,,,,,,,,,,,,,,,,,,,,,,,,,,,,,,,,,,,,,,,,
Mount Olive Baptist Church Food Pantry,6354 S Marshfield Ave,Chicago,IL,60636,-87.665492,41.778289,https://www.chicagosfoodbank.org/locations/mount-olive-baptist-church/,773- 737-1523,HOURS: Saturday 1:00 pm - 3:00 pm.  SERVICE AREA: Zip Code 60636.,,,,1,,,,,,,,,,,,,,,,,,,,,,,,,,,,,,,,,,,,,,,,,,,,,,,,,,,,,,,,,,,,,,,,,,,,,,,,,,,,,,,,,,,,,,,,,,,,,,,
New Generation Creative Learning Center,1910 W 64th St,Chicago,IL,60636,-87.671868,41.777572,https://chicagoearlylearning.org/location/1017/easter-seals-new-generation-creative-learning-center/,773- 471-6145,Child care/day care.,,,,,,,,,,1,,,,,,,,,,,,,,,,,,,,,,,,,,,,,,,,,,,,,,,,,,,,,,,,,,,,,,,,,,,,,,,,,,,,,,,,,,,,,,,,,,,,,,,,,
New Mt. Calvary Baptist Church Food Pantry,1850 W Marquette Rd,Chicago,IL,60636,-87.670479,41.772146,https://www.chicagosfoodbank.org/locations/new-mt-calvary-baptist-church/,773- 737-5433,HOURS: Monday 2:30 pm - 4:30 pm.  SERVICE AREA: N: 55th St; S: 75th St; E: Racine; W: Western.,,,,1,,,,,,,,,,,,,,,,,,,,,,,,,,,,,,,,,,,,,,,,,,,,,,,,,,,,,,,,,,,,,,,,,,,,,,,,,,,,,,,,,,,,,,,,,,,,,,,
Nicholson STEM Academy,6006 S Peoria St,Chicago,IL,60621,-87.647340,41.784972,https://chicagoearlylearning.org/location/788/nicholson-technology-academy/,773- 535-3285,"Head Start.  Chicago Public Schools early childhood school based preschool program, ages 3-5 years.",,,,,,,,,,,,1,,,,,,,,,,,,,,,,,,,,,,,,,,,,,,,,,,,,,,,,,,,,,,,,,,,,,,,,,,,,,,,,,,,,,,,,,,,,,,,,,,,,,,,
Olive Branch Mission Food Pantry,6310 S Claremont Ave,Chicago,IL,60636,-87.682338,41.778900,https://www.chicagosfoodbank.org/locations/olive-branch-mission/,773- 476-6200 x27,HOURS: Daily: B: 6:00 am - 8:00 am; L: 11:30 am - 1:15 pm; D: 4:30 pm - 6:10 pm.  SERVICE AREA: Cook County.,,,,1,,,,,,,,,,,,,,,,,,,,,,,,,,,,,,,,,,,,,,,,,,,,,,,,,,,,,,,,,,,,,,,,,,,,,,,,,,,,,,,,,,,,,,,,,,,,,,,
Olive Branch Mission Frontline Youth Opportunities,6310 S Claremont Ave,Chicago,IL,60636,-87.682338,41.778900,https://www.obmission.org/programs-cni1,773-476-6200 x10,"Provides residential case management and support services, an intensive character formation curriculum, literacy training, high school completion (GED), higher education opportunities, career training/placement and more for homeless and/or ex-offending, and/or former foster care young men ages 18-24.",,,,,,,,,,,,,,,,,,,,,,,,1,,1,,1,,,,,,,1,,,,,,,1,,,,,,,,,,,,,,,,,,,,,1,,,,,,,,,,,,,,,,,,,1,,,,,,,,,,,,,,,,,
Operation Blessing/Evening Star MB Church Food Pantry,2050 W 59th St,Chicago,IL,60636,-87.675496,41.786637,https://www.chicagosfoodbank.org/locations/operation-blessing-evening-str/,773-925-6160,Food pantry.  Every 3rd Saturday 9:00 am - 11:00 am.  SERVICE AREA: Cook County.,,,,1,,,,,,,,,,,,,,,,,,,,,,,,,,,,,,,,,,,,,,,,,,,,,,,,,,,,,,,,,,,,,,,,,,,,,,,,,,,,,,,,,,,,,,,,,,,,,,,
O'Toole Elementary School,6550 S Seeley Ave,Chicago,IL,60636,-87.675038,41.774764,https://chicagoearlylearning.org/location/802/,773- 535-9040,"Head Start. Chicago Public Schools early childhood school based preschool program, ages 3-5 years.",,,,,,,,,,,,1,,,,,,,,,,,,,,,,,,,,,,,,,,,,,,,,,,,,,,,,,,,,,,,,,,,,,,,,,,,,,,,,,,,,,,,,,,,,,,,,,,,,,,,
People Educated Against Crime in Englewood (P.E.A.C.E.) Community Center ,6455 S Peoria St,Chicago,IL,60621,-87.647088,41.776890,https://willfeedkids.wordpress.com/,773-651-9288; 773-677-7273,"Provides a safe environment for local youth ages 6-18 in Englewood neighborhood 8:30 AM - 5:00 PM.  Financial assistance program to pay energy bills.  Hot meal Wednesday and Friday, 12pm -2pm. ",,,1,1,,,1,,,,,,,,,,,,,,,,,,,,,,,,,,,,,,,,,,,,,,,,,,,,,,,,,,,,,,,,,,,,,,,,,,,,,,,,,,,,1,,,,,,,,,,,,,,,,
People's Music School-Gary Comer Center,7200 S Ingleside Ave,Chicago,IL,60619,-87.602238,41.765040,http://www.peoplesmusicschool.org/,773-358-4100,Members interested in learning an instrument can gain the experience at the Gary Comer Youth Center.  Band courses cover Level I music theory and practice and other progressive forms of Band.  You must be a member to sign up for classes.,,,,,,,,,,,,,,,,,1,,,,,,,,,,,,,,,,,,,,,,,,,,,,,,,,,,,,,,,,,,,,,,,,,,,,,,,,,,,,,,,,,,,,,1,1,,,,,,,,,,,,
Phoenix Diverse Holistics Collaborative ,1658 E 83rd Pl,Chicago,IL,60617,-87.583757,41.743344,http://phoenixdiverseholistics.com/,312- 437-0796,"Provides collaborative services in mental, emotional and physical wellness through holistic services.  Services include restorative practices, healing/peace circles, nutrition classes, cultural immersion, parent education classes, Sankofa rites of passage, emotional health management, social emotional learning, martial arts, stress reduction.  ",,,,,,,,,,,,,,,,,,,,,,,,,,,,,,,,,,,,,,,,,,,,,,,,,,,,,,,,,,,,1,,,,,,,,,,,,,,,,,,,,,,,,,,,,,,,,,,,,,,,
Pickens Memorial Temple COGIC Food Pantry,5659 S Union Ave,Chicago,IL,60621,-87.642575,41.790912,https://www.chicagosfoodbank.org/locations/pickens-memorial-temple-cogic/,773- 488-0300,HOURS: Friday 3:30 pm - 5:30 pm.  SERVICE AREA:  N: 47th St; S: 95th St; E: Stoney Island Ave; W: Ashland Ave.,,,,1,,,,,,,,,,,,,,,,,,,,,,,,,,,,,,,,,,,,,,,,,,,,,,,,,,,,,,,,,,,,,,,,,,,,,,,,,,,,,,,,,,,,,,,,,,,,,,,
Planned Parenthood - Englewood Health Center,6059 S Ashland Ave,Chicago,IL,60636,-87.664275,41.783232,https://www.plannedparenthood.org/health-center/illinois/chicago/60636/englewood-health-center-2264-90430,773- 434-3700,"Provides family planning services, HIV testing, men's and women's healthcare services, STD testing, vaccinations.",,,,,,,,,,,,,,,,,,,,,,,,,,,,,,,,,,,,,,,,,,,,,,,,,,,,1,,,1,1,,1,,,,,,,,1,,,1,,,,,,,,,,,,,,,,,,,,,,,,,,,,,,
Precious Little One's Learning Center,22 E 63rd St,Chicago,IL,60637,-87.624191,41.780038,https://chicagoearlylearning.org/location/931/,773-891-5055,Child care/day care.,,,,,,,,,,1,,,,,,,,,,,,,,,,,,,,,,,,,,,,,,,,,,,,,,,,,,,,,,,,,,,,,,,,,,,,,,,,,,,,,,,,,,,,,,,,,,,,,,,,,
Randolph Elementary School,7316 S Hoyne Ave,Chicago,IL,60636,-87.675899,41.760830,https://chicagoearlylearning.org/location/826/asa-philip-randolph-elementary-school/,773- 535-9015,"Head Start.  Chicago Public Schools early childhood school based preschool program, ages 3-5 years.",,,,,,,,,,,,1,,,,,,,,,,,,,,,,,,,,,,,,,,,,,,,,,,,,,,,,,,,,,,,,,,,,,,,,,,,,,,,,,,,,,,,,,,,,,,,,,,,,,,,
Shepherd's Hope Family Feeding Center,6455 S Peoria S,Chicago,IL,60621,-87.647161,41.776517,http://shepherdshopechicago.org/programs/food-pantry/,773-846-0080,HOURS: Wednesday and Friday 12:00 pm - 2:00 pm. ,,,,1,,,,,,,,,,,,,,,,,,,,,,,,,,,,,,,,,,,,,,,,,,,,,,,,,,,,,,,,,,,,,,,,,,,,,,,,,,,,,,,,,,,,,,,,,,,,,,,
Shepherd's Hope Food Pantry,5732 S Lowe Ave,Chicago,IL,60621,-87.641419,41.789699,http://shepherdshopechicago.org/get-involved/food-pantry-serve/,773- 846-9494,HOURS: Tuesdays and Thursdays 10:00 am - 2:00 pm.,,,,1,,,,,,,,,,,,,,,,,,,,,,,,,,,,,,,,,,,,,,,,,,,,,,,,,,,,,,,,,,,,,,,,,,,,,,,,,,,,,,,,,,,,,,,,,,,,,,,
Sherwood Elementary School,245 W 57th St,Chicago,IL,60621,-87.632042,41.790863,https://chicagoearlylearning.org/location/848/jesse-sherwood-elementary-school/,773- 535-0829,"Head Start.  Chicago Public Schools early childhood school based preschool program, ages 3-5 years.",,,,,,,,,,,,1,,,,,,,,,,,,,,,,,,,,,,,,,,,,,,,,,,,,,,,,,,,,,,,,,,,,,,,,,,,,,,,,,,,,,,,,,,,,,,,,,,,,,,,
Sherwood Park,5701 S Shields Ave,Chicago,IL,60621,-87.634041,41.791441,http://www.chicagoparkdistrict.com/parks/Sherwood-Park/,773- 256-0926,"Gymnasium, fitness center, Youth Wellness Center, interactive spray pool, playground, basketball court, baseball field, seasonal sports, nutrition program, gymnastics, Teen Club, dance and violin, after school programs throughout the school year, and six-week summer day camp.
",,,,,,,,,,,,,,,,,1,,,,,,,,,,,,,,,,,,,,,,,,,,,,,,,,,,,,,,,,,,,1,1,,,,,,,,,,,,,,,,,,,,,,,,,1,1,,,,,,,,1,1,,1,
South Central Community Services After School Program,1021 E 83rd St,Chicago,IL,60619,-87.599468,41.743972,http://www.sccsinc.org/afterschool_program.html,773-483-0412 after 2pm,"Homework help, arts and crafts, sports and recreation, field trips, activities.  Free transportation within 3 mile radius.",,,,,,,,,,,,,,,,,1,,,,,1,,,1,,,,,,,,,,,,,,,,,,,,,,,,,,,,,,,,,,,,1,,,,,,,,,,,,,,,,,,,,,,,,,1,1,,,,,,,,1,,,,
South Central Community Services Mental Health Program,8316 S Ellis Ave,Chicago,IL,60619,-87.600199,41.743390,http://www.sccsinc.org/,773- 483-0900,"Outpatient mental health counseling/therapy program for children and adults.  Educational Services Department provides academic instruction, independent living and vocational skills, and supportive services to clients pre-school to young adult.  The Day Treatment High School Program for emotionally disturbed youth, ages 15 to 21 years old, provides a full range of educational and therapeutic services.  The Day Treatment Elementary Program for emotionally disturbed youth, ages 7 to 14 years old, also provides a full range of educational and therapeutic services.",,,,,,,,,,,,,,,,1,,,,,,,,,,,,,,,,,,,1,,,,,,,,,,,1,,,,,,,,,,,,,,,,,,,,,,,,,,,,,,,,,,,,,,,,,,,,,,,,,,,,,
Southwood Interventions,5701 S Wood St,Chicago,IL,60636,-87.669315,41.790512,http://www.abraxasyfs.com/facilities/southwood/,773- 737-4600,"Provides services to adult male and female substance users, offering a full continuum of services from detox, to residential, and outpatient programming.",,,,,,,,,,,,,,,,,,,,,,,,,,,,,,,,,,,,,,,,,,,,,,,,,,,,,,,,,,,,,,,,,,,1,,,,,,,,,,,,,,,,,,,,,,,,,,,,,,,,
St. Bernard Hospital Dental Clinic,326 W 64th St,Chicago,IL,60621,-87.632981,41.778138,https://www.stbh.org/dental-services/,773-962-3976,"Routine dental care for children and adults, including exams, cleanings, sealants, fillings, root canals, crown procedures and minor orthodontic care,",,,,,,,,,,,,,,,,,,,,,,,,,,,,,,,,,,,,,,,,,,,,,,,,,1,,,,,,,,,,,,,,,,,,,,,,,,,,,,,,,,,,,,,,,,,,,,,,,,,,
St. Bernard Hospital Primary Care Walk-in Clinic,6307 S. Stewart Ave,Chicago,IL,60621,-87.634992,41.779934,https://www.stbh.org/the-walk-in-clinic/,773-420-1513,"Treatment services for common conditions/illnesses (allergies, bronchitis, diabetes, high blood pressure, sinus infection, sore/strep throat, earache, diarrhea, common cold, fever), immunizations, school and sports physicals.",,,,,,,,,,,,,,,,,,,,,,,,,,,,,,,,,,,,,,,,,,,,,,,,,,,,,1,,,1,,,,,,,,1,,,,,,,,,,,,,,,,,,,,,,,,,,,,,,,,,,,
Stagg School of Excellence,7424 S Morgan St,Chicago,IL,60621,-87.649136,41.759314,http://schoolinfo.cps.edu/schoolprofile/schooldetails.aspx?SchoolId=610339,773- 535-3565,"Head Start.  Chicago Public Schools early childhood school based preschool program, ages 3-5 years.",,,,,,,,,,,,1,,,,,,,,,,,,,,,,,,,,,,,,,,,,,,,,,,,,,,,,,,,,,,,,,,,,,,,,,,,,,,,,,,,,,,,,,,,,,,,,,,,,,,,
Teamwork Englewood,815 W 63rd St,Chicago,IL,60621,-87.645532,41.779753,http://www.teamworkenglewood.org/Smart-Communities-Program.html,773- 488-6600,"Re-Entry Resource Center for ex-offenders, one-stop location for services and support.  African American Male Initiative mentoring program for males ages 10-19.  Hoops in the Hood is a traveling basketball league that combines basketball drills, games, mentoring and health awareness during after school and summer hours.  Accepts all ages.",,,,,,,,,,,,,,,,,,,,,,,,,,,,,,,,,,,,,,,,,,1,,,,,,,,,,,,,,,,,,,1,,1,,,,,,,,,,,,,,,,,,,1,,,,,,,,,,1,,,1,,,,
The Salvation Army Adele and Robert Stern Red Shield Center,945 W 69th St,Chicago,IL,60621,-87.649051,41.768733,http://www.rscchicago.org/,773- 358-3200,"The community center in Englewood is the entry point for people in need seeking assistance with feeding their families, paying rent and utility bills, educational and recreational programs for people of all ages, counseling, worship and more.  Provides sports and recreational programs, Teen Corner (safe place for teens to socialize), youth character building programs, full-service music school for youth and adults ages 8 and older, languages and book club, applied arts.",,,1,,,,1,,,,,,,,,,1,,,,,,,,,,,,,,,,,,,,,,,1,, , , , ,,,,,,,,,,,,,,,,1,,,,,,,,,,,,,,,,,,,,,,1,,,1,1,,,,1,,,,1,,,,
The Salvation Army Adele and Robert Stern Red Shield Center Child Care,945 W 69th St,Chicago,IL,60621,-87.649051,41.768733,http://www.rscchicago.org/child-care/,773-358-4650,Child care/Day care. Head Start.  Age 6 weeks-5 years.,,,,,,,,,,1,,1,,,,,,,,,,,,,,,,,,,,,,,,,,,,,,,,,,,,,,,,,,,,,,,,,,,,,,,,,,,,,,,,,,,,,,,,,,,,,,,,,,,,,,,
The Salvation Army Adele and Robert Stern Red Shield Center Family & Community Services,845 W 69th St,Chicago,IL,60621,-87.649051,41.768733,http://www.rscchicago.org/family-and-community-services/,773-382-4601 ,At-Risk Youth Counseling for youth at risk for school failure and/or incarceration.  Counseling is provided to both adults and youth who have an open case with the State Department of Child and Family Services (DCFS) due to abuse or neglect.  Outreach and support services for human trafficking victims through the STOP-IT program.,,,,,,,,,,,,,,,,,,,,,,,,,,,1,,,,,,,,,,,,,,,,,,1,,,,,,,,,,,,,,,,,,,,,,,,,,,,,,,,,,,,1,,,,,,,,,,,,1,,,,,,
The Salvation Army Adele and Robert Stern Red Shield Center Food Pantry,945 W 69th St,Chicago,IL,60621,-87.649051,41.768733,http://www.rscchicago.org/family-and-community-services/food-pantry/,773- 205-3593,"Wednesdays and Thursdays, 9:00a.m.-11:00a.m. and 1p.m.-3p.m.",,,,1,,,,,,,,,,,,,,,,,,,,,,,,,,,,,,,,,,,,,,,,,,,,,,,,,,,,,,,,,,,,,,,,,,,,,,,,,,,,,,,,,,,,,,,,,,,,,,,
Uncle Shack Food Blessing Food Pantry,1818 W 74th St,Chicago,IL,60636,-87.669402,41.759428,https://www.chicagosfoodbank.org/locations/uncle-shack-food-blessing/,773- 863-0995, HOURS: Thursday 11:30 am - 1:30 pm.  SERVICE AREA: Zip Code 60636.,,,,1,,,,,,,,,,,,,,,,,,,,,,,,,,,,,,,,,,,,,,,,,,,,,,,,,,,,,,,,,,,,,,,,,,,,,,,,,,,,,,,,,,,,,,,,,,,,,,,
"Universal Family Connection, Inc.",1350 W 103rd St,Chicago,IL,60643,-87.656997,41.706821,http://www.ufcinc.org/,773- 881-1711,"Family and community based-service agency provides comprehensive array of services that include family reunification and stabilization programs, domestic violence prevention and survivor treatment, child abuse prevention and counseling programs, educational and employment programs and various volunteer and training initiatives.",,,,,,,,,,,,,,,,,,,,,,,,,,,,,,,,,,,,,,,,1,,,,,,,,,,1,,,,,,,,,,,,,,,,,,,,,,,,,,,,,1,,,,,,,,,,,,,,,,,,,,
Universal Family Connection Out of School Time Program,1350 W 103rd St,Chicago,IL,60643,-87.656997,41.706821,http://www.ufcinc.org/,773- 881-1711," Focused on leadership, creative expression, academic and life skills improvement, and peer to peer interaction. ",,,,,,,,,,,,,,,,1,,,,,,,,,,1,,,,,,,,,,,,,,,,,,,,,,,,,,,,,,,,,,,,,,,,,,,,,,,,,,,,,,,,,,,,1,,,,,1,,,,,,,,
Universal Family Connection Parenting Skills Program ,1350 W 103rd St,Chicago,IL,60643,-87.656997,41.706821,http://www.ufcinc.org/,773- 881-1711,For pregnant and/or parenting men and women age 15 and older.,,,,,,,,,,,1,,,1,,,,,,,,,,,,,,,,,,,,,,,,,,,,,,,,,,,,,,,,,,,,,,,,,,,,,,,,,,,,,,,,,,,,,,,,,,,,,,,,,,,,,
Universal Family Connection Youth Working for Success,1350 W 103rd St,Chicago,IL,60643,-87.656997,41.706821,http://www.ufcinc.org/,773- 881-1711,"15-week three phase civic leadership program designed to empower justice-involved youth to develop leadership skills, address issues impacting their communities, and prepare them for employment. ",,,,,,,,,,,,,,,,,,,1,,,,,,,1,,,,,,,,,,1,,,,,,1,,,,,,,,,,,,,,,,,,,,,1,,,,,,,,,,,,,,,,,,,1,,,,,,,,,1,,,,,,,,
Universal Family Connection Child Welfare & Addiction Intervention Treatment ,1350 W 103rd St,Chicago,IL,60643,-87.656997,41.706821,http://www.ufcinc.org/,773- 881-1711,Provides services to DCFS-involved adolescents engaged in high risk drinking or drug use. ,,,,,,,,,,,,,,,,,,,,,,,,,,,,,,,,,,,,,,,,,,,,,,,,,,,,,,,,,,,,,,,,,,,1,,,,,,,,,,,,,,,,,,,,,,,,,,,,,,,,
Universal Family Connection Domestic Violence Victims Assistance,1350 W 103rd St,Chicago,IL,60643,-87.656997,41.706821,http://www.ufcinc.org/,773- 881-1711,"Provides outreach, crisis intervention and counseling to adult victims and families of domestic violence.",,,,,,,,,,,,,,,,,,,,,,,,,,,,,,,,,,,,,,,,,,,,,,,,,,1,,,,,,,,,,,,,,,,,,,,,,,,,,,,,1,,,,,,,,,,,,,,,,,,,,
Universal Family Connection Behavioral Support for At-Risk Youth,1350 W 103rd St,Chicago,IL,60643,-87.656997,41.706821,http://www.ufcinc.org/,773- 881-1711,"Intensive counseling service for youth age 13 and under who are at risk for social, emotional and educational failure and currently attend elementary schools. ",,,,,,,,,,,,,,,,,,,,,,,,,,,,,,,,,,,,,,,,,,,,,1,1,,,,,,,,,,,,,,,,,,,,,,,,,,,,,,,,,,,,,,,,,,,,,,,,,,,,,
Universal Family Connection Volunteer Program,1350 W 103rd St,Chicago,IL,60643,-87.656997,41.706821,http://www.ufcinc.org/,773- 881-1711,Provides social service experience and community service volunteer opportunities to youth.  ,,,,,,,,,,,,,,,,,,,,,,,,,,,,,,,,,,,,,,,,,,,,,,,,,,,,,,,,,,,,,,,,,,,,,,,,,,,,,,,,,,,,,,,,,,,,,,,,,1,,
Universal Family Connection Homeless Youth Services Program,1350 W 103rd St,Chicago,IL,60643,-87.656997,41.706821,http://www.ufcinc.org/,773- 881-1711,"Provides outreach, emergency shelter, interim housing and transitional living services for youth age 14-23 who are homeless or at imminent risk of becoming homeless.",,,,,1,1,,,,,,,,,,,,,,,,,,,,,,,,,,,,,,,,,,,,,,,,,,,,,,,,,,,,,,,,,,,,,,,,,,,,,,,,,,,,,,,,,,,,,,,,,,,,,
Universal Family Connection Intensive Youth Services,1350 W 103rd St,Chicago,IL,60643,-87.656997,41.706821,http://www.ufcinc.org/,773- 881-1711,Provides prevention education and diversion services for grammar school and high school students to assist in the prevention of recruitment and involvement of youth into gangs. ,,,,,,,,,,,,,,,,,,,,,,,,,,,,,,,,,,,,,,,,,,,,,,,,,,,,,,,,,,,,,,,,,,,,,,,,,,,,,,,,1,,,,,,,,,,,,,,,,,,,
Visitation Parish Food Pantry,843 W Garfield Blvd,Chicago,IL,60621,-87.646665,41.793896,https://www.chicagosfoodbank.org/locations/visitation-parish-food-pantry/,773- 846-3570,HOURS: Monday and Wednesday 8:00 am - 11:00 am.  SERVICE AREA: N: 50th; S: 58th St; E: State; W: Damen.,,,,1,,,,,,,,,,,,,,,,,,,,,,,,,,,,,,,,,,,,,,,,,,,,,,,,,,,,,,,,,,,,,,,,,,,,,,,,,,,,,,,,,,,,,,,,,,,,,,,
We Do Care Food Pantry ,1538 W 69th St,Chicago,IL,60636,-87.663032,41.768568,https://www.chicagosfoodbank.org/locations/we-do-care/,773- 559-3811,HOURS: Thursday 1:00 pm - 3:00 pm.  SERVICE AREA: Cook County.,,,,1,,,,,,,,,,,,,,,,,,,,,,,,,,,,,,,,,,,,,,,,,,,,,,,,,,,,,,,,,,,,,,,,,,,,,,,,,,,,,,,,,,,,,,,,,,,,,,,
Wentworth Elementary School,1340 W 71st St,Chicago,IL,60636,-87.657933,41.765038,http://schoolinfo.cps.edu/schoolprofile/schooldetails.aspx?SchoolId=610223,773- 535-3394,"Chicago Public Schools early childhood school based preschool program, ages 3-5 years.",,,,,,,,,,,,1,,,,,,,,,,,,,,,,,,,,,,,,,,,,,,,,,,,,,,,,,,,,,,,,,,,,,,,,,,,,,,,,,,,,,,,,,,,,,,,,,,,,,,,
WIC Food and Nutrition Center - Catholic Charities,6202 S. Halsted St.,Chicago,IL,60621,-87.645174,41.781328,https://www.catholiccharities.net/GetHelp/OurServices/Nutrition.aspx,773-488-6800,"The Special Supplemental Nutrition Program for Women, Infants and Children (WIC) is a USDA food and nutrition program administered by the IL Department of Human Services. Centers provide a variety of WIC-approved foods for eligible participants. The food centers also provide access to social services, nutritional education, job training and educational programs.",,,,1,,,,,,,,,,,,,,,,,,,,,,,,,,,,,,,,,,,,,,,,,,,,,,,,,,,,,,,,,,,,,,,,,,,,,,,,,,,,,,,,,,,,,,,,,,,,,,,
Young Chicago Authors,1180 N Milwaukee Ave,Chicago,IL,60642,-87.666227,41.903165,http://youngchicagoauthors.org/,773- 486-4331,"YCA exposes young people to hip-hop realist portraiture and teaches them how to create their own authentic narratives through a variety of arts education programs, including free weekly writing workshops and open mics for young poets, journalists, and emcees, and Louder Than A Bomb, the largest youth poetry slam in the country.",,,,,,,,,,,,,,,,,1,,,,,,,,,,,,,,,,,,,,,,,,, , , ,1,,,,,,,,,,,,,,,,,,,,,,,,,,,,,,,,,,,,,,,,,,1,,,,,,,,,,,,
YWCA of Metropolitan Chicago - Englewood Satellite,"641 W 63rd St, Lower Level #34-35",Chicago,IL,60621,-87.641251,41.779783,https://ywcachicago.org/our-work/sexual-violence-support-services/,773- 783-1031,"Provides assistance to victims of sexual assault, educates about the effects of violence in our community and promotes general health and wellness through the Sexual Violence Support Services (SVSS). Current programs include: Counseling Services, Rape Crisis Hotlines, Education & Training, Medical and Legal Advocacy.
",,,,,,,,,,,,,,,,,,,,,,,,,,,,,,,,,,,,,,,,,,,,,,,,,,,,,,,,,,,,,,,,,1,,,,,,,,,,,,,,,,,,,,,,,,,,,,,,,,,,
YWCA of Metropolitan Chicago Rape Crisis Hotline,,,,,,,https://ywcachicago.org/our-work/sexual-violence-support-services/rape-crisis-hotline/,888-293-2080,"Operating 24 hours a day, 7 days a week, the Rape Crisis Hotline provides survivors of sexual assault/abuse and their significant others immediate support, crisis intervention and referrals for the city of Chicago and surrounding suburbs. The volunteers and staff at the hotline have received extensive training in sexual assault crisis intervention. The Chicago Rape Crisis Hotline is also the Rape, Abuse and Incest National Network (RAINN) affiliate for the city of Chicago.",,,,,,,,,,,,,,,,,,,,,,,,,,,,,,,,,,,,,,,,,,,,,,,,,,,,,,,,,,,,,,,,,,,,,,,,,,,1,,,,,,,,,,,,,,,,,,,,,,,,
YWCA RISE Children's Center,300 S Ashland Ave,Chicago,IL,60607,-87.666728,41.877339,https://ywcachicago.org,312- 733-2102,"The Rape, Incest, and Sexual Exploitation (RISE) Children's Center is a free counseling center for survivors of sexual violence aged 3 to 17 years of age.",,,,,,,,,,,,,,,,,,,,,,,,,,,,,,,,,,,,,,,,,,,,,,,,,,,,,,,,,,,,,,,,,1,,,,,,,,,,,,,,,,,,,,,,,,,,,,,,,,,,
,,,,,,,,,,,,,,,,,,,,,,,,,,,,,,,,,,,,,,,,,,,,,,,,,,,,,,,,,,,,,,,,,,,,,,,,,,,,,,,,,,,,,,,,,,,,,,,,,,,,,,,,,,,,
,,,,,,,,,,,,,,,,,,,,,,,,,,,,,,,,,,,,,,,,,,,,,,,,,,,,,,,,,,,,,,,,,,,,,,,,,,,,,,,,,,,,,,,,,,,,,,,,,,,,,,,,,,,,
,,,,,,,,,,,,,,,,,,,,,,,,,,,,,,,,,,,,,,,,,,,,,,,,,,,,,,,,,,,,,,,,,,,,,,,,,,,,,,,,,,,,,,,,,,,,,,,,,,,,,,,,,,,,
,,,,,,,,,,,,,,,,,,,,,,,,,,,,,,,,,,,,,,,,,,,,,,,,,,,,,,,,,,,,,,,,,,,,,,,,,,,,,,,,,,,,,,,,,,,,,,,,,,,,,,,,,,,,
