Organization Name,Address,Street,City,State,Zip,X,Y,Website,Type of Organization,Type of School,Headstart/EHS,Type of Comm Org,Proximity to Englewood,Description of Services Provided in Englewood,Org Age Category,Size of org,Young children,ES Age,HS Age to 21,Location services provided,Family Stability,Foster care,Adoption services,Family support,Safe Place to Live,Provision of Food/clothing,Education,High School/GED Completion,Tutoring/homework help,Parenting classes/workshops,Leadership/ character development programs (through mentoring),Service learning,College/career prep,Academic counseling,Enrichment field trips,Early childhood,Home visiting,Behavioral/self-management programs/workshops,Student clubs or curriculum enhancement (not tutoring),Arts/language programs,Health,"Preventive health visits (includes prenatal, dental/vision)",Vaccinations,Cessation programs,Nutrition & Wellness programs/counseling,Management of chronic conditions,Mental health counseling (general),Family & child counseling,Sexual assault counseling,Domestice violence support/counseling,Anger management counseling,Physical activity/sports,Family planning,HIV/AIDS programs,Substance abuse/addiction treatment,Public Safety,Engage youth to prevent gang participation,Workshops focused on violence prevention,Economic,Job training,youth employment (internships),Job placement (long-term),Dance,Media Arts,Music,OtherDiscipline,Theater,Visual Arts,Field Trips,In School Performance,Other Services,After School Programs,Professional development,Residency,Resources,Writing/poetry,Arts & crafts
Youth Guidance,"1 N La Salle St, Chicago, Illinois, 60602",1 N La Salle St,Chicago,Illinois,60602,-87.632374,41.882282,http://www.youth-guidance.org/strive/,Community Organization,,,Provide services only through public schools in Englewood,out,"Administers the Strive program, which is school-based.  Services include one-on-one counseling, college tours, social and educational enrichment field trips, parent and family engagement educational workshops, and other educational activities.",,,,,1,School,,,,,,,1,,,1,,,1,,1,,,,,,1,,,,,,1,,,,,,,,,,,,,,,,,,,,,,,,,,,,,,
The Joffrey Ballet,"10 E Randolph St, Chicago, Illinois, 60601",10 E Randolph St,Chicago,Illinois,60601,-87.627574,41.884471,http://www.joffrey.org/,Community organization,,,Provide services only through public schools in Englewood,out,"Works through schools to provide dance, field trips, in school performance, after school programs, professional development, and other services and resources.",,,,1,,School,,,,,,,1,,,,,,,,1,,,,,1,,,,,,,,,,,,,,,,,,,,,,,1,0,0,0,0,0,1,1,1,1,1,1,1,,
Salvation Army Divisional Headquarters,"10 W Algonquin Rd, Des Plaines, Illinois, 60016",10 W Algonquin Rd,Des Plaines,Illinois,60016,-87.921882,42.030449,http://centralusa.salvationarmy.org/usc/csb,Community organization,,,Provide services only through public schools in Englewood,out,"Works through schools to provide music, field trips, in school performance, after school programs, professional development, and other services and resources.",,,,1,,School,,,,,,,1,,,,,,,,1,,,,,1,,,,,,,,,,,,,,,,,,,,,,,0,0,1,0,0,0,1,1,1,1,0,1,1,,
Adventure Stage Chicago,"1012 N Noble St, Chicago, Illinois, 60642",1012 N Noble St,Chicago,Illinois,60642,-87.662569,41.900419,https://adventurestage.org/,Community organization,,,Provide services only through public schools in Englewood,out,"Works through schools to provide theater, field trips, professional development, and other services and resources.",,,,1,,School,,,,,,,1,,,,,,,,1,,,,,1,,,,,,,,,,,,,,,,,,,,,,,0,0,0,1,1,0,1,0,1,0,1,1,1,,
Free Lunch Academy,"10636 S Rhodes Ave, Chicago, Illinois, 60628",10636 S Rhodes Ave,Chicago,Illinois,60628,-87.609988,41.70082,http://www.freelunchacademy.com/,Community organization,,,Provide services only through public schools in Englewood,out,"Works through schools to provide dance, theater, field trips, in school performance, after school programs, professional development, and other services and resources.",,,,1,1,School,,,,,,,1,,,,,,,,1,,,,,1,,,,,,,,,,,,,,,,,,,,,,,1,0,0,0,1,0,1,1,1,1,1,1,1,,
SGA Youth and Family Services,"11 E Adams St, Chicago, Illinois, 60603",11 E Adams St,Chicago,Illinois,60603,-87.6273,41.879474,http://www.sga-youth.org/services/,Community Organization,,,Provide services only through public schools in Englewood,Out,"Administers Early Advantage, which is school based. Early Advantage works with pregnant and parenting mothers and fathers to become their child's first and most important teacher. Goals are to prepare children for success in school, encourage parent/child bonding, promote parenting skills, link parents with resources, and offer social-emotional support.",,,,,1,School,,,,,,,1,,,1,,,,,,,,,,,,,,,,,,,,,,,,,,,,,,,,,,,,,,,,,,,,,,,
Chicago Dramatists,"1105 W Chicago Ave, Chicago, Illinois, 60642",1105 W Chicago Ave,Chicago,Illinois,60642,-87.655138,41.896243,http://www.chicagodramatists.org/,Community organization,,,Provide services only through public schools in Englewood,out,Works through schools to provide arts programming (see detailed list under program types for specific programs).,,,,,1,School,,,,,,,1,,,,,,,,,,,,,1,,,,,,,,,,,,,,,,,,,,,,,0,0,0,0,1,0,0,1,0,0,0,1,1,,
Music of the Baroque,"111 N Wabash Ave, Chicago, Illinois, 60602",111 N Wabash Ave,Chicago,Illinois,60602,-87.626214,41.88357,http://www.baroque.org/,Community organization,,,Provide services only through public schools in Englewood,out,Works through schools to provide arts programming (see detailed list under program types for specific programs).,,,,1,1,School,,,,,,,1,,,,,,,,1,,,,,1,,,,,,,,,,,,,,,,,,,,,,,0,0,1,0,0,0,1,1,1,0,0,1,1,,
The Art Institute of Chicago,"111 S Michigan Ave, Chicago, Illinois, 60603",111 S Michigan Ave,Chicago,Illinois,60603,-87.624229,41.880452,http://www.artic.edu/,Museum,,,,out,"Works through schools to provide media arts, visual arts, field trips, in school performance, after school programs, professional development, and other services and resources.",,,,1,,school,,,,,,,1,,,,,,,,1,,,,,1,,,,,,,,,,,,,,,,,,,,,,,0,1,0,1,0,1,1,1,1,1,1,1,1,,
Building Blocks,"1120 W 69th St, Chicago, Illinois, 60621",1120 W 69th St,Chicago,Illinois,60621,-87.652659,41.768735,,Early Childhood Program,,1,,in,Head Start,,,1,,,center,,,,,,,1,,,,,,,,,1,,,,,,,,,,,,,,,,,,,,,,,,,,,,,,,,,,,,,,,,,
Englewood Health Center of Cook County,"1135 W 69th St, Chicago, Illinois, 60621",1135 W 69th St,Chicago,Illinois,60621,-87.653361,41.768663,http://www.cookcountyhhs.org/health-centers/englewood-health-center/,Healthcare entity,,,,in,"Health center that provides following services: Behavioral Health, Behavioral Health/Psychologist, Family Medicine, Psychologist, and Social Work.",,,1,1,1,center,,,,,,,,,,,,,,,,,,,,,1,1,,,,,1,1,,,,,,,,,,,,,,,,,,,,,,,,,,,,,
Bass,"1140 W 66th St, Chicago, Illinois, 60621",1140 W 66th St,Chicago,Illinois,60621,-87.653364,41.774191,http://perkinsbasselementary.org,Public School,Neighborhood elementary,1,,in,Offers out of school time programs (see program type details for specific detail). Also offers Head Start/Early Head Start.,,,1,1,,School,,,,,,,1,,1,,1,,1,,,1,,1,1,1,1,,,,,,,,,,,1,,,,,,,,,,,,,,,,,,,,,,,,,
DFSS Community Service Center--Englewood Center,"1140 W 79th St, Chicago, Illinois, 60620",1140 W 79th St,Chicago,Illinois,60620,-87.652932,41.750528,https://www.cityofchicago.org/city/en/depts/fss/supp_info/community_servicecenterlocations.html,Public Agency,,,,near,"Helps individuals and families in need with a wide range of resources from shelter, food and clothing to domestic violence assistance, job training/placement and prisoner re-entry. ",,,1,1,1,Center,1,,,,1,1,,,,,,,,,,,,,,,1,,,,,,,,,1,,,,,,,,,1,1,,1,,,,,,,,,,,,,,,
Young Chicago Authors,"1180 N Milwaukee Ave, Chicago, Illinois, 60642",1180 N Milwaukee Ave,Chicago,Illinois,60642,-87.666227,41.903165,http://youngchicagoauthors.org/,Community organization,,,Social service agency with specific focus on supporting Englewood,Near,YCA offers free public workshops and fee-based programs where artistic staff and teaching artists deliver customized programming to school and community organizations. ,16 or more years,m,,1,1,School or community site,,,,,,,1,,,,,,,,1,,,,,1,,,,,,,,,,,,,,,,,,,,,,,0,0,0,1,0,0,1,1,1,1,1,1,1,1,
Urban League Boys and Girls Club,"1214 N Washtenaw Ave, Chicago, Illinois, 60622",1214 N Washtenaw Ave,Chicago,Illinois,60622,-87.694464,41.903413,http://www.ulbgc.org/,Community organization,,,Provide services only through public schools in Englewood,out,Works through schools to provide arts programming (see detailed list under program types for specific programs).,,,,1,,School,,,,,,,1,,,,,,,,1,,,,,,,,,,,,,,,,,,,,,,,,,,,,0,0,0,0,0,1,1,1,0,1,0,1,1,,
Human Resources Development Institute - Women's Residential Program ,"1223 W Marquette Rd, Chicago, Illinois, 60636",1223 W Marquette Rd,Chicago,Illinois,60636,-87.655261,41.772283,www.hrdi.org,Community organization,,,Social service agency with specific focus on supporting Englewood,in,Provides addiction treatment services; family services; community health; case management; counseling for mental health and disabilities; alternative youth education; HIV/AIDS prevention and education; and gambling prevention and education.,16 or more years,s,1,1,,Center,,,,,,,1,1,,,,,,,,,,,,,1,,,,,,1,1,,,,,,1,1,,,,,,,,,,,,,,,,,,,,,,
Elite House of Sober Living Inc. ,"1236 W 72nd Pl, Chicago, Illinois, 60636",1236 W 72nd Pl,Chicago,Illinois,60636,-87.655482,41.762328,http://www.elitehousesofsoberliving.com,Community organization,,,Social service agency with specific focus on supporting Englewood,in,"Provides structured living environment, counseling, and case management for individuals that struggle with alcohol/drugs, criminal lifestyles, and homelessness.",6 to 15 years,m,,,1,Center,1,,,,1,,,,,,,,,,,,,,,,1,,,,,,,,,,,,,,1,,,,,,,,,,,,,,,,,,,,,,
Just Like Home Childcare Center Inc,"1249 W 63rd St, Chicago, Illinois, 60636",1249 W 63rd St,Chicago,Illinois,60636,-87.656511,41.779553,,Early Childhood Program,,,,in,Early childhood program,,,1,,,center,,,,,,,1,,,,,,,,,1,,,,,,,,,,,,,,,,,,,,,,,,,,,,,,,,,,,,,,,,,
Wentworth,"1340 W 71st St, Chicago, Illinois, 60636",1340 W 71st St,Chicago,Illinois,60636,-87.657933,41.765038,http://www.wentworthelementary.org,Public School,Neighborhood elementary,,,in,Offers out of school time programs (see program type details for specific detail). ,,,,1,,School,,,,,,,1,,1,,,,,,,,,,1,,1,,,,,,,,,,,1,,,,,,,,,,,,,,,,,,,,,,,,,
SHIFT: Englewood Youth Orchestra,"1340 W 71st St, Chicago, Illinois, 60636",1340 W 71st St,Chicago,Illinois,60636,-87.657933,41.765038,http://www.shiftyouth.org/,Community organization,,,Social service agency with specific focus on supporting Englewood,In,Engages youth in intensive music training for 10 hours per week and academic tutoring on an as-needed basis. ,5 years or less,m,,1,,School,,,,,,,1,,,,,,,,,,,,,1,,,,,,,,,,,,,,,,,,,,,,,0,0,1,1,0,0,0,1,0,0,0,1,0,,
"Universal Family Connection, Inc.","1350 W 103rd St, Chicago, Illinois, 60643",1350 W 103rd St,Chicago,Illinois,60643,-87.656997,41.706821,http://www.ufcinc.org/,Community organization,,,Social service agency with specific focus on supporting Englewood,near,"Programs include individual and family counseling, targeted case management, family reunification and stabilization programs, domestic violence prevention and survivor treatment, child abuse prevention and counseling programs, educational and employment programs and various volunteer and training initiatives.",16 or more years,m,1,1,1,Center,1,,,1,,,1,,,,,,,,,,,,,,1,,,,,,,1,,1,,,,,,,,,1,1,,1,,,,,,,,,,,,,,,
Crushers club,"1406 W 64th St, Chicago, Illinois, 60636",1406 W 64th St,Chicago,Illinois,60636,-87.659651,41.777737,http://crushersclub.org/,Community Organization,,,Social service agency with specific focus on supporting Englewood,In,Youth boxing club with a mission to provide a strong alternative to gangs.,5 years or less,s,,1,1,Center,,,,,,,,,,,,,,,,,,,,,1,,,,,,,,,,,1,,,,1,1,,,,,,,,,,,,,,,,,,,,
Community Organizing and Family Issues (COFI),"1436 W Randolph St, Chicago, Illinois, 60607",1436 W Randolph St,Chicago,Illinois,60607,-87.663561,41.884244,http://www.cofionline.org,Community organization,,,Social service agency with specific focus on supporting Englewood,near,"Programs include parent leadership training; support for parent action teams and parent-led campaigns, including running Parent Peace Centers, early learning outreach, and summer meal site outreach, as well as training on COFI’s parent leadership model.",16 or more years,m,1,1,1,School,,,,,,,1,,,1,,,,,,,,,,,,,,,,,,,,,,,,,,,,,,,,,,,,,,,,,,,,,,,
District 7 Police Station,"1438 W 63rd St, Chicago, Illinois, 60636",1438 W 63rd St,Chicago,Illinois,60636,-87.660862,41.779558,http://home.chicagopolice.org/community/districts/7th-district-englewood/,Public Agency,,,,in,"Youth resources include internet safety programs,  sports leagues, Peer Jury Program, and an internship program.",,,,1,1,Community sites,,,,,,,1,,,,1,,,,,,,,,,,,,,,,,,,,,,,,,1,,1,1,,1,,,,,,,,,,,,,,,,
Carra House LLC,"1443 W 63rd St, Chicago, Illinois, 60636",1443 W 63rd St,Chicago,Illinois,60636,-87.661021,41.779493,http://www.carrahouse.com,Community Organization,,,Social service agency with specific focus on supporting Englewood,In,"Provides educational instruction and fully accredited High School Diploma and GED classes leading to graduation. The ""I Choose Me"" program helps at-risk teens develop skills to place their lives on a path to success. The Carra Cares Foundation receives gifts from sponsors that provide scholarships to our educational, intervention and summer ""boot camp"" programs.",,s,,,1,Center,,,,,,,1,1,,,,,,,,,,,,,1,,,,,,1,,,,,,,,,,,,,,,,,,,,,,,,,,,,,,
"Jellybean Learning Center V, Inc","1455 W 63rd St, Chicago, Illinois, 60636",1455 W 63rd St,Chicago,Illinois,60636,-87.661541,41.779483,,Early Childhood Program,,1,,in,Early childhood program including Head Start,,,1,,,center,,,,,,,1,,,,,,,,,1,,,,,,,,,,,,,,,,,,,,,,,,,,,,,,,,,,,,,,,,,
The Crystal Palace Early Literacy Zone,"1459 W 74th St, Chicago, Illinois, 60636",1459 W 74th St,Chicago,Illinois,60636,-87.661271,41.759463,,Early Childhood Program,,1,,in,Early childhood program including Head Start,,,1,,,center,,,,,,,1,,,,,,,,,1,,,,,,,,,,,,,,,,,,,,,,,,,,,,,,,,,,,,,,,,,
Chicago Children's Theatre,"1464 N Milwaukee Ave, Chicago, Illinois, 60622",1464 N Milwaukee Ave,Chicago,Illinois,60622,-87.674588,41.908506,http://www.chicagochildrenstheatre.org/,Community organization,,,Provide services only through public schools in Englewood,out,Works through schools to provide arts programming (see detailed list under program types for specific programs).,,,,1,,School,,,,,,,1,,,,,,,,,,,,,,,,,,,,,,,,,,,,,,,,,,,,0,0,0,0,0,0,0,0,0,0,0,0,0,,
"Forward Momentum Chicago, NFP","1530 S State St, Chicago, Illinois, 60605",1530 S State St,Chicago,Illinois,60605,-87.627379,41.861009,http://forwardmomentumchicago.org/,Community organization,,,Provide services only through public schools in Englewood,out,Works through schools to provide arts programming (see detailed list under program types for specific programs).,,,,1,,School,,,,,,,1,,,,,,,,1,,,,,1,,,,,,,,,,,,,,,,,,,,,,,1,0,0,0,0,0,1,1,1,1,1,1,1,,
Clara's House Shelter,"1650 W 63rd St, Chicago, Illinois, 60636",1650 W 63rd St,Chicago,Illinois,60636,-87.666252,41.779449,http://www.clarashousechicago.org/,Community organization,,,Social service agency with specific focus on supporting Englewood,in,"Programs are designed to meet basic needs for employment, housing, health care, and education through training and projects directed at advocacy, social services, empowerment, and self-awareness",16 or more years,m,1,1,1,Center,1,,,,1,,,,,,,,,,,,,,,,1,,,,,,,,,1,,,,,,,,,1,1,,,,,,,,,,,,,,,,,
Phoenix Diverse Holistics Collaborative,"1658 E 83rd Pl, Chicago, Illinois, 60617",1658 E 83rd Pl,Chicago,Illinois,60617,-87.583757,41.743344,http://phoenixdiverseholistics.com/,Community organization,,,Social service agency with specific focus on supporting Englewood,near,"Services include restorative practices, healing/peace circles, nutrition classes, cultural immersion, parent education classes, sankofa rites of passage, emotional health management, social emotional learning, martial arts, stress reduction",6 to 15 years,m,1,1,1,Center,,,,,,,1,,,1,,,,,,,,1,,,1,,,,1,,1,,,,,,,,,,,,,,,,,,,,,,,,,,,,,,
Storybus: America's Children's Museum on Wheels,"1658 N Milwaukee Ave, Chicago, Illinois, 60647",1658 N Milwaukee Ave,Chicago,Illinois,60647,-87.679597,41.911716,http://www.storybus.org/,Community organization,,,Provide services only through public schools in Englewood,out,Works through schools to provide arts programming (see detailed list under program types for specific programs).,,,,1,,School,,,,,,,1,,,,,,,,,,,,,1,,,,,,,,,,,,,,,,,,,,,,,0,0,0,1,0,0,0,1,0,1,0,0,1,,
Goodman Theatre,"170 N Dearborn St, Chicago, Illinois, 60601",170 N Dearborn St,Chicago,Illinois,60601,-87.629501,41.884935,http://www.goodmantheatre.org/,Community organization,,,Provide services only through public schools in Englewood,out,Works through schools to provide arts programming (see detailed list under program types for specific programs).,,,,1,1,School,,,,,,,1,,,,,,,,1,,,,,1,,,,,,,,,,,,,,,,,,,,,,,0,0,0,0,1,0,1,1,1,1,1,0,1,,
Kiddie Steps 4 You Learning Center INC,"1700 W 63rd St, Chicago, Illinois, 60636",1700 W 63rd St,Chicago,Illinois,60636,-87.666822,41.779438,,Early Childhood Program,,1,,in,Early childhood program including Head Start,,,1,,,center,,,,,,,1,,,,,,,,,1,,,,,,,,,,,,,,,,,,,,,,,,,,,,,,,,,,,,,,,,,
Freidheim Englewood Child & Family Center  (Children's Home + Aid),"1701 W 63rd St, Chicago, Illinois, 60636",1701 W 63rd St,Chicago,Illinois,60636,-87.666861,41.779383,,Early Childhood Program,,1,,in,"The center supports a wide range of programs serving children and parents including Head Start, Early Head Start, Child Care Referral, Computer Literacy, GED Parental Education, Parent Support Services, Job Readiness Training, Raising A Reader, and Subsequent Pregnancy Prevention.",,,1,,,center,,,,,,,1,,,1,,,,,,1,,,,,1,,,,,,,,,,,,1,,,,,,1,1,,,,,,,,,,,,,,,,,
West Englewood Library,"1745 W 63rd St, Chicago, Illinois, 60636",1745 W 63rd St,Chicago,Illinois,60636,-87.668521,41.779363,https://www.chipublib.org/locations/135/,Public Agency,,,,in,Provides homework help and computer literacy support,,,,1,1,Library,,,,,,,1,,1,,,,,,,,,,,,,,,,,,,,,,,,,,,,,,,,,,,,,,,,,,,,,,,,
International Capoeira Angola Foundation,"1757 N Kimball Ave, Chicago, Illinois, 60647",1757 N Kimball Ave,Chicago,Illinois,60647,-87.711734,41.913481,http://www.capoeira-angola-chicago.org/,Community organization,,,Provide services only through public schools in Englewood,out,Works through schools to provide arts programming (see detailed list under program types for specific programs).,,,,1,,School,,,,,,,1,,,,,,,,,,,,,,,,,,,,,,,,,,,,,,,,,,,,1,0,0,0,0,0,0,1,1,0,0,1,0,,
Foundations of Music,"1801 W Belle Plaine Ave, Chicago, Illinois, 60613",1801 W Belle Plaine Ave,Chicago,Illinois,60613,-87.674401,41.956004,http://www.foundationsofmusic.org/,Community organization,,,Provide services only through public schools in Englewood,out,Works through schools to provide arts programming (see detailed list under program types for specific programs).,,,,1,,School,,,,,,,1,,,,,,,,,,,,,1,,,,,,,,,,,,,,,,,,,,,,,0,1,1,0,0,0,0,1,1,1,0,1,1,,
Muntu Dance Theatre,"1809 E 71st St, Chicago, Illinois, 60649",1809 E 71st St,Chicago,Illinois,60649,-87.580732,41.766013,http://www.muntu.com/,Community organization,,,Provide services only through public schools in Englewood,out,Works through schools to provide arts programming (see detailed list under program types for specific programs).,,,,1,,School,,,,,,,1,,,,,,,,1,,,,,1,,,,,,,,,,,,,,,,,,,,,,,1,0,1,0,1,1,1,1,1,1,1,1,1,,
New Generation Creative Learning Center,"1910 W 64th St, Chicago, Illinois, 60636",1910 W 64th St,Chicago,Illinois,60636,-87.671868,41.777572,,Early Childhood Program,,1,,in,Early childhood program including Head Start,,,1,,,center,,,,,,,1,,,,,,,,,1,,,,,,,,,,,,,,,,,,,,,,,,,,,,,,,,,,,,,,,,,
Chicago Urban Art Retreat Center,"1957 S Spaulding Ave, Chicago, Illinois, 60623",1957 S Spaulding Ave,Chicago,Illinois,60623,-87.707675,41.853752,http://www.urbanartretreat.com/,Community organization,,,Provide services only through public schools in Englewood,out,Works through schools to provide arts programming (see detailed list under program types for specific programs).,,,,1,,School,,,,,,,1,,,,,,,,,,,,,,,,,,,,,,,,,,,,,,,,,,,,0,0,0,0,0,1,0,0,0,1,0,0,0,,
Chicago Cares,"2 N Riverside Plz, Chicago, Illinois, 60606",2 N Riverside Plz,Chicago,Illinois,60606,-87.638758,41.881995,http://www.chicagocares.org/,Community organization,,,Provide services only through public schools in Englewood,out,Works through schools to provide arts programming (see detailed list under program types for specific programs).,,,,1,,School,,,,,,,1,,,,,,,,1,,,,,1,,,,,,,,,,,,,,,,,,,,,,,0,0,0,1,0,0,1,1,1,1,0,0,1,,
Lyric Opera of Chicago,"20 N Wacker Dr, Chicago, Illinois, 60606",20 N Wacker Dr,Chicago,Illinois,60606,-87.637069,41.882531,http://www.lyricopera.org/,Community organization,,,Provide services only through public schools in Englewood,out,Works through schools to provide arts programming (see detailed list under program types for specific programs).,,,,1,1,School,,,,,,,1,,,,,,,,1,,,,,1,,,,,,,,,,,,,,,,,,,,,,,1,0,1,1,1,0,1,1,1,0,1,1,1,,
Earle,"2024 W 62nd St, Chicago, Illinois, 60636",2024 W 62nd St,Chicago,Illinois,60636,-87.674894,41.781183,http://earlestemelementary.org,Public School,Neighborhood elementary,1,,in,Offers out of school time programs (see program type details for specific detail). Also offers Head Start/Early Head Start.,,,1,1,,School,,,,,,,1,,1,,1,,,,,1,,,1,,1,,,,,,,,,,,1,,,,,,,,,,,,,,,,,,,,,,,,,
Urban Gateways,"205 W Randolph St, Chicago, Illinois, 60606",205 W Randolph St,Chicago,Illinois,60606,-87.634171,41.884423,http://www.urbangateways.org/,Community organization,,,Provide services only through public schools in Englewood,out,Works through schools to provide arts programming (see detailed list under program types for specific programs).,,,,1,1,School,,,,,,,1,,,,,,,,1,,,,,1,,,,,,,,,,,,,,,,,,,,,,,1,1,1,1,1,1,1,1,1,1,1,1,1,,
The Ned Show,"20700 44th Ave W, Lynnwood, Washington, 98036",20700 44th Ave W,Lynnwood,Washington,98036,-122.292381,47.810289,http://www.thenedshow.com/,Community organization,,,Provide services only through public schools in Englewood,out,Works through schools to provide arts programming (see detailed list under program types for specific programs).,,,,1,1,School,,,,,,,1,,,,,,,,,,,,,1,,,,,,,,,,,,,,,,,,,,,,,0,0,0,1,1,0,0,1,0,0,0,0,0,,
Precious Little Ones-63rd,"22 E 63rd St, Chicago, Illinois, 60637",22 E 63rd St,Chicago,Illinois,60637,-87.624191,41.780038,,Early Childhood Program,,1,,near,Head Start and Early Head Start,,,1,,,center,,,,,,,1,,,,,,,,,1,,,,,,,,,,,,,,,,,,,,,,,,,,,,,,,,,,,,,,,,,
Museum of Contemporary Art,"220 E Chicago Ave, Chicago, Illinois, 60611",220 E Chicago Ave,Chicago,Illinois,60611,-87.621752,41.896818,http://www.mcachicago.org/,Museum,,,,out,"Works through schools to provide visual arts, field trips, in school performance, after school programs, and other services and resources.",,,,1,1,school,,,,,,,1,,,,,,,,1,,,,,1,,,,,,,,,,,,,,,,,,,,,,,0,0,0,0,0,1,1,1,1,1,1,1,1,,
Chicago Symphony Orchestra,"220 S Michigan Ave, Chicago, Illinois, 60604",220 S Michigan Ave,Chicago,Illinois,60604,-87.624449,41.87909,http://www.cso.org/institute,Community organization,,,Provide services only through public schools in Englewood,out,Works through schools to provide arts programming (see detailed list under program types for specific programs).,,,,1,,School,,,,,,,1,,,,,,,,1,,,,,1,,,,,,,,,,,,,,,,,,,,,,,0,0,1,0,0,0,1,1,1,1,1,1,1,,
Chicago Arts Partnerships in Education (CAPE),"228 S Wabash Ave, Chicago, Illinois, 60604",228 S Wabash Ave,Chicago,Illinois,60604,-87.626098,41.878639,http://www.capeweb.org/,Community organization,,,Provide services only through public schools in Englewood,out,Works through schools to provide arts programming (see detailed list under program types for specific programs).,,,,1,1,School,,,,,,,1,,,,,,,,1,,,,,1,,,,,,,,,,,,,,,,,,,,,,,1,1,1,1,1,1,1,1,1,1,1,1,1,,
Claremont,"2300 W 64th St, Chicago, Illinois, 60636",2300 W 64th St,Chicago,Illinois,60636,-87.681149,41.777447,http://claremontcps.org,Public School,Neighborhood elementary,1,,in,Offers out of school time programs (see program type details for specific detail). Also offers Head Start/Early Head Start.,,,1,1,,School,,,,,,,1,,1,,,,,,,1,,,1,1,1,,,,,,,,,,,1,,,,,,,,,,,,,,,,,,,,,,,,,
Beverly Arts Center,"2407 W 111th St, Chicago, Illinois, 60655",2407 W 111th St,Chicago,Illinois,60655,-87.681429,41.691763,http://www.beverlyartcenter.org/,Community organization,,,Provide services only through public schools in Englewood,out,Works through schools to provide arts programming (see detailed list under program types for specific programs).,,,,1,,School,,,,,,,1,,,,,,,,1,,,,,1,,,,,,,,,,,,,,,,,,,,,,,1,1,1,1,1,1,1,0,1,1,1,1,1,,
Sherwood,"245 W 57th St, Chicago, Illinois, 60621",245 W 57th St,Chicago,Illinois,60621,-87.632042,41.790863,http://www.sherwood.cps.edu,Public School,Neighborhood elementary,1,,in,Offers out of school time programs (see program type details for specific detail). Also offers Head Start/Early Head Start.,,,1,1,,School,,,,,,,1,,1,,,,,,,1,,,1,,1,,,,,,,,,,,1,,,,,,,,,,,,,,,,,,,,,,,,,
Apollo Theater Chicago,"2450 N Lincoln Ave, Chicago, Illinois, 60614",2450 N Lincoln Ave,Chicago,Illinois,60614,-87.650242,41.926476,http://www.apollochicago.com/,Community organization,,,Provide services only through public schools in Englewood,out,Works through schools to provide arts programming (see detailed list under program types for specific programs).,,,,1,,School,,,,,,,1,,,,,,,,1,,,,,1,,,,,,,,,,,,,,,,,,,,,,,0,0,0,0,1,0,1,0,0,0,0,0,0,,
Chicago Danztheatre Ensemble,"2480 N Albany Ave, Chicago, Illinois, 60647",2480 N Albany Ave,Chicago,Illinois,60647,-87.706752,41.926173,http://www.danztheatre.org/,Community organization,,,Provide services only through public schools in Englewood,out,Works through schools to provide arts programming (see detailed list under program types for specific programs).,,,,1,,School,,,,,,,1,,,,,,,,1,,,,,1,,,,,,,,,,,,,,,,,,,,,,,1,0,0,1,1,1,1,1,1,1,1,1,1,,
Mother's Touch,"2501 W 71st St, Chicago, Illinois, 60629",2501 W 71st St,Chicago,Illinois,60629,-87.685861,41.764643,,Early Childhood Program,,1,,near,Head Start and Early Head Start,,,1,,,center,,,,,,,1,,,,,,,,,1,,,,,,,,,,,,,,,,,,,,,,,,,,,,,,,,,,,,,,,,,
Little Kids Village Learning II,"2656 W 71st St, Chicago, Illinois, 60629",2656 W 71st St,Chicago,Illinois,60629,-87.690371,41.764618,,Early Childhood Program,,1,,near,Head Start,,,1,,,center,,,,,,,1,,,,,,,,,1,,,,,,,,,,,,,,,,,,,,,,,,,,,,,,,,,,,,,,,,,
Little Kids Rock,"271 Grove Ave, Verona, New Jersey, 07044",271 Grove Ave,Verona,New Jersey,07044,-74.236871,40.844868,http://www.littlekidsrock.org/,Community organization,,,Provide services only through public schools in Englewood,out,Works through schools to provide arts programming (see detailed list under program types for specific programs).,,,,1,,School,,,,,,,1,,,,,,,,1,,,,,1,,,,,,,,,,,,,,,,,,,,,,,0,0,1,0,0,0,1,1,1,1,1,1,1,,
Emerald City Theatre,"2936 N Southport Ave, Chicago, Illinois, 60657",2936 N Southport Ave,Chicago,Illinois,60657,-87.663651,41.935318,http://www.emeraldcitytheatre.com/,Community organization,,,Provide services only through public schools in Englewood,out,Works through schools to provide arts programming (see detailed list under program types for specific programs).,,,,1,,School,,,,,,,1,,,,,,,,1,,,,,1,,,,,,,,,,,,,,,,,,,,,,,0,0,0,0,1,0,1,1,1,1,1,1,1,,
Cinema/Chicago,"30 E Adams St, Chicago, Illinois, 60603",30 E Adams St,Chicago,Illinois,60603,-87.626492,41.879538,http://www.cinemachicago.org/,Community organization,,,Provide services only through public schools in Englewood,out,Works through schools to provide arts programming (see detailed list under program types for specific programs).,,,,1,1,School,,,,,,,1,,,,,,,,1,,,,,1,,,,,,,,,,,,,,,,,,,,,,,0,1,0,0,0,0,1,1,1,1,0,1,1,,
International Music Foundation,"30 E Adams St, Chicago, Illinois, 60603",30 E Adams St,Chicago,Illinois,60603,-87.62675,41.879538,http://www.imfchicago.org/,Community organization,,,Provide services only through public schools in Englewood,out,Works through schools to provide arts programming (see detailed list under program types for specific programs).,,,,1,,School,,,,,,,1,,,,,,,,1,,,,,1,,,,,,,,,,,,,,,,,,,,,,,0,0,1,0,0,0,1,1,0,1,1,0,1,,
YWCA RISE Children's Center,"300 S Ashland Ave, Chicago, Illinois, 60607",300 S Ashland Ave,Chicago,Illinois,60607,-87.666728,41.877339,,Community organization,,,Social service agency with specific focus on supporting Englewood,out,"Provides sexual assault counseling and therapy, medical/legal advocacy, professional education and training, and crisis intervention.",16 or more years,l,,1,1,Center,,,,,,,,,,,,,,,,,,,,,1,,,,,,,,1,,,,,,,,,,1,1,,,,,,,,,,,,,,,,,
SkyART,"3026 E 91st St, Chicago, Illinois, 60617",3026 E 91st St,Chicago,Illinois,60617,-87.550092,41.730097,http://www.skyart.org/,Community organization,,,Provide services only through public schools in Englewood,out,Works through schools to provide arts programming (see detailed list under program types for specific programs).,,,,1,,School,,,,,,,1,,,,,,,,1,,,,,1,,,,,,,,,,,,,,,,,,,,,,,0,1,0,0,0,1,1,1,1,1,1,1,1,,
Briar Street Theatre,"3133 N Halsted St, Chicago, Illinois, 60657",3133 N Halsted St,Chicago,Illinois,60657,-87.649177,41.938764,http://www.blueman.com/chicago/briar-st-theatre,Community organization,,,Provide services only through public schools in Englewood,out,Works through schools to provide arts programming (see detailed list under program types for specific programs).,,,,1,,School,,,,,,,1,,,,,,,,1,,,,,1,,,,,,,,,,,,,,,,,,,,,,,0,0,0,1,0,0,1,1,0,0,0,1,1,,
Writers Theatre,"321 Park Ave, Glencoe, Illinois, 60022",321 Park Ave,Glencoe,Illinois,60022,-87.758624,42.134636,http://www.writerstheatre.org/,Community organization,,,Provide services only through public schools in Englewood,out,Works through schools to provide arts programming (see detailed list under program types for specific programs).,,,,1,,School,,,,,,,1,,,,,,,,1,,,,,1,,,,,,,,,,,,,,,,,,,,,,,0,0,0,1,1,0,1,1,1,1,1,1,1,,
St. Bernard Hospital ,"326 W 64th St, Chicago, Illinois, 60621",326 W 64th St,Chicago,Illinois,60621,-87.632981,41.778138,http://www.stbh.org/,Healthcare entity,,,,in,"Provides programs for: Medical services, Promoting women’s health, Obstetrics. Behavioral health, Imaging and therapeutic services, Physical medicine and rehabilitation, and Pediatric Mobile Health Unit.

",,,1,1,1,center,,,,,,,,,,,,,,,,,,,,,1,1,1,,,,1,,,,,,,,,,,,,,,,,,,,,,,,,,,,,,
Changing Worlds,"329 W 18th St, Chicago, Illinois, 60616",329 W 18th St,Chicago,Illinois,60616,-87.636254,41.857685,http://www.changingworlds.org/,Community organization,,,Provide services only through public schools in Englewood,out,Works through schools to provide arts programming (see detailed list under program types for specific programs).,,,,1,,School,,,,,,,1,,,,,,,,1,,,,,1,,,,,,,,,,,,,,,,,,,,,,,1,1,0,0,1,1,1,1,1,1,1,1,1,,
Chicago Zoological Society,"3300 Golf Rd, Brookfield, Illinois, 60513",3300 Golf Rd,Brookfield,Illinois,60513,-87.832143,41.830552,http://czs.org/,Community organization,,,Provide services only through public schools in Englewood,out,Works through schools to provide arts programming (see detailed list under program types for specific programs).,,,,1,,School,,,,,,,1,,,,,,,,1,,,,,1,,,,,,,,,,,,,,,,,,,,,,,0,0,0,1,0,0,1,1,1,1,0,0,1,,
Metropolitan Family Services,"3843 W 63rd St, Chicago, Illinois, 60629",3843 W 63rd St,Chicago,Illinois,60629,-87.719582,41.778683,https://www.metrofamily.org/,Community Organization,,,Social service agency with specific focus on supporting Englewood,near,"Programs and services include adoption preservation, domestic violence support; early learning home visiting; a safe place for court-ordered supervised visitations and safe exchanges for children exposed to domestic violence; parenting fundamentals; substance abuse prevention program; school-based services (individual and group counseling, workshops for students, teachers and parents to enhance skills such as communication, conflict resolution and violence prevention); young fathers program to help fathers become employed, financially self-sufficient and raise healthy children; and a vocabulary building initiative in collaboration with Chicago Public Library.",16 or more years,l,1,1,1,Center or school,1,,1,1,,,1,,,1,,,,,,,1,1,,,1,,,,,,,,,1,,,,,1,1,,1,1,1,,,,,,,,,,,,,,,,,
A Knock at Midnight,"400 W 76th St, Chicago, Illinois, 60620",400 W 76th St,Chicago,Illinois,60620,-87.634548,41.756275,https://www.akamworks.org,Community organization,,,Social service agency with specific focus on supporting Englewood,Near,"Programs include Job Readiness and Financial Literacy, CPS Truancy Dropout Prevention, Teen REACH after-school program, HIV/AIDS Outreach, Computer Literacy Trainings, Youth Employment, Life Skills, and The Juvenile Justice Outreach.",6 to 15 years,m,,,1,Center,,,,,,,1,1,,,,,,,,,,1,,,1,,,,,,,,,,,,1,1,,,,,1,,1,,,,,,,,,,,,,,,,
"Changing Life Education Initiative, Inc.","400 W 76th St, Chicago, Illinois, 60620",400 W 76th St,Chicago,Illinois,60620,-87.634548,41.756275,http://www.changinglifeinc.com,Community organization,,,Social service agency with specific focus on supporting Englewood,near,"Programs include workforce Development, Summer Camp, Mentoring, and Afterschool programs.",6 to 15 years,m,1,1,1,Center,,,,,,,1,,,,1,,,,,,,,,,,,,,,,,,,,,,,,,,,,1,1,1,,,,,,,,,,,,,,,,
Christ Center of Truth ,"402 W 71st St, Chicago, Illinois, 60621",402 W 71st St,Chicago,Illinois,60621,-87.634872,41.765375,http://christcenteroftruththeknowledgecenter.yolasite.com,Community organization,,,Faith-based with specific focus on supporting Englewood,in,"Administers afterschool program ""Gateway To Success,"" which reaches provides homework help, tutoring in reading, writing and math.  They also include educational movies, interesting field trips in and out of Chicago, arts and crafts, and spelling bees. ",6 to 15 years,s,,1,1,Center,,,,,,,1,,1,,,,,,1,,,,,1,,,,,,,,,,,,,,,,,,,,,,,,,,,,,,,,,,,,,1
National Veterans Art Museum,"4041 N Milwaukee Ave, Chicago, Illinois, 60641",4041 N Milwaukee Ave,Chicago,Illinois,60641,-87.748736,41.954296,http://www.nvam.org/,Museum,,,,out,"Works through schools to provide media arts, visual arts,, field trips, after school programs, professional development, and other services and resources.",,,,1,,school,,,,,,,1,,,,,,,,1,,,,,1,,,,,,,,,,,,,,,,,,,,,,,0,1,0,1,0,1,1,1,1,1,1,1,1,,
Chicago Youth Symphony Orchestras,"410 S Michigan Ave, Chicago, Illinois, 60605",410 S Michigan Ave,Chicago,Illinois,60605,-87.624398,41.87626,http://www.cyso.org/,Community organization,,,Provide services only through public schools in Englewood,out,Works through schools to provide arts programming (see detailed list under program types for specific programs).,,,,1,,School,,,,,,,1,,,,,,,,1,,,,,1,,,,,,,,,,,,,,,,,,,,,,,0,0,1,0,0,0,1,1,1,1,1,1,1,,
Natya Dance Theatre,"410 S Michigan Ave, Chicago, Illinois, 60605",410 S Michigan Ave,Chicago,Illinois,60605,-87.624398,41.87626,http://www.natya.com/,Community organization,,,Provide services only through public schools in Englewood,out,Works through schools to provide arts programming (see detailed list under program types for specific programs).,,,,1,,School,,,,,,,1,,,,,,,,,,,,,1,,,,,,,,,,,,,,,,,,,,,,,0,1,0,0,0,0,0,1,0,0,0,1,0,,
Ravinia,"418 Sheridan Rd, Highland Park, Illinois, 60035",418 Sheridan Rd,Highland Park,Illinois,60035,-87.772738,42.159679,http://www.ravinia.org/,Community organization,,,Provide services only through public schools in Englewood,out,Works through schools to provide arts programming (see detailed list under program types for specific programs).,,,,1,,School,,,,,,,1,,,,,,,,1,,,,,1,,,,,,,,,,,,,,,,,,,,,,,0,0,1,0,0,0,1,1,1,1,1,1,1,,
Intonation Music,"4434 S Lake Park Ave, Chicago, Illinois, 60653",4434 S Lake Park Ave,Chicago,Illinois,60653,-87.596785,41.814027,http://www.intonationmusic.org/,Community organization,,,Provide services only through public schools in Englewood,out,Works through schools to provide arts programming (see detailed list under program types for specific programs).,,,,1,,School,,,,,,,1,,,,,,,,1,,,,,1,,,,,,,,,,,,,,,,,,,,,,,0,0,1,0,0,0,1,1,1,1,0,1,1,,
Black Ensemble Theater,"4450 N Clark St, Chicago, Illinois, 60640",4450 N Clark St,Chicago,Illinois,60640,-87.666317,41.963243,http://www.blackensembletheater.org/,Community organization,,,Provide services only through public schools in Englewood,out,Works through schools to provide arts programming (see detailed list under program types for specific programs).,,,,1,,School,,,,,,,1,,,,,,,,1,,,,,1,,,,,,,,,,,,,,,,,,,,,,,0,0,0,0,1,0,1,0,1,1,1,1,1,,
Old Town School of Folk Music,"4544 N Lincoln Ave, Chicago, Illinois, 60625",4544 N Lincoln Ave,Chicago,Illinois,60625,-87.68582,41.964393,http://www.oldtownschool.org/,Community organization,,,Provide services only through public schools in Englewood,out,Works through schools to provide arts programming (see detailed list under program types for specific programs).,,,,1,1,School,,,,,,,1,,,,,,,,1,,,,,1,,,,,,,,,,,,,,,,,,,,,,,1,0,1,0,1,0,1,1,1,1,1,1,1,,
WIC Food and Nutrition Center ,"4622 W Diversey Ave, Chicago, Illinois, 60639",4622 W Diversey Ave,Chicago,Illinois,60639,-87.74249,41.931624,Does not exist ,Public Agency,,,,near,"Provides WIC enrollment services, provision of food, nutrition education, and coordination of care.",,,1,1,1,Center,1,,,,,1,,,,,,,,,,,,,,,1,,,,1,,,,,,,,,,,,,,,,,,,,,,,,,,,,,,,,
Harold Washington Cultural Center,"4701 S Dr Martin Luther King Jr Dr, Chicago, Illinois, 60615",4701 S Dr Martin Luther King Jr Dr,Chicago,Illinois,60615,-87.616259,41.809302,http://www.broadwayinbronzeville.com/,Community organization,,,Provide services only through public schools in Englewood,out,Works through schools to provide arts programming (see detailed list under program types for specific programs).,,,,,1,School,,,,,,,1,,,,,,,,1,,,,,1,,,,,,,,,,,,,,,,,,,,,,,1,0,1,0,1,0,1,1,1,1,0,0,1,,
"Altlernatives, Inc.","4730 N Sheridan Rd, Chicago, Illinois, 60640",4730 N Sheridan Rd,Chicago,Illinois,60640,-87.654859,41.968169,https://www.alternativesyouth.org,Community organization,,,Social service agency with specific focus on supporting Englewood,Out,"Programs include individual and group counseling, substance abuse treatment, family intervention, career and employment services, Girl World (youth development activities for girls), youth collaboration, preventive programs, restorative justice, and an arts program.",16 or more years,m,,1,1,Center,,,,,,,1,,,,1,,,,,,,1,,1,1,,,,,,1,1,,,,,,,1,,,,1,1,1,1,,,,,,,,,,,,,,,
Lawrence Hall,"4833 N Francisco Ave, Chicago, Illinois, 60625",4833 N Francisco Ave,Chicago,Illinois,60625,-87.700314,41.969232,https://www.lawrencehall.org/,Community organization,,,Social service agency with specific focus on supporting Englewood,out,"Programs include foster care programs, independent living programs, transitional living program, residential treatment facility for youth in care of the state, and  a therapeutic day school for CPS students. In addition there are workforce development programs working primarily with opportunity (at-risk) youth. ",16 or more years,l,1,1,1,Center,1,1,,,,,1,,,,,,,,,,,,,,1,,,,,,1,1,,,,,,,,,,,1,1,,,,,,,,,,,,,,,,,
Auditoriaum Theatre,"50 E Congress Pkwy, Chicago, Illinois, 60605",50 E Congress Pkwy,Chicago,Illinois,60605,-87.625512,41.875778,http://www.auditoriumtheatre.org/,Community organization,,,Provide services only through public schools in Englewood,out,Works through schools to provide arts programming (see detailed list under program types for specific programs).,,,,1,,School,,,,,,,1,,,,,,,,1,,,,,1,,,,,,,,,,,,,,,,,,,,,,,1,0,1,0,1,0,1,1,1,1,1,1,1,,
"Appeal For Charities And Goodwill, Inc.","50 W 71st St, Chicago, Illinois, 60621",50 W 71st St,Chicago,Illinois,60621,-87.627131,41.76555,,Early Childhood Program,,,,in,Early childhood program,,,1,,,center,,,,,,,1,,,,,,,,,1,,,,,,,,,,,,,,,,,,,,,,,,,,,,,,,,,,,,,,,,,
Chicago Humanities Festival,"500 N Dearborn St, Chicago, Illinois, 60654",500 N Dearborn St,Chicago,Illinois,60654,-87.629668,41.89113,http://www.chicagohumanities.org/,Community organization,,,Provide services only through public schools in Englewood,out,Works through schools to provide arts programming (see detailed list under program types for specific programs).,,,,1,1,School,,,,,,,1,,,,,,,,1,,,,,1,,,,,,,,,,,,,,,,,,,,,,,0,1,0,1,1,0,1,1,0,0,1,0,1,,
Children's Museum in Oak Lawn,"5100 Museum Dr, Oak Lawn, Illinois, 60453",5100 Museum Dr,Oak Lawn,Illinois,60453,-87.747322,41.719891,http://www.cmoaklawn.org/,Museum,,,,out,"Works through schools to provide theater, field trips, and resources.",,,,1,,school,,,,,,,1,,,,,,,,1,,,,,1,,,,,,,,,,,,,,,,,,,,,,,0,0,0,0,1,0,1,0,0,0,0,0,1,,
Childserv -- Chicago South,"5401 S Wentworth Ave, Chicago, Illinois, 60609",5401 S Wentworth Ave,Chicago,Illinois,60609,-87.630511,41.796062,childserv.org,Community organization,,,Social service agency with specific focus on supporting Englewood,Near,"Programs include early childhood, foster care support, adoption support, teen mom program, mental health counseling, and preventive health programs.",16 or more years,l,1,1,1,Center,1,1,1,,,,1,,,1,,,,,,1,,,,,1,1,,,,,1,,,,,,,,,,,,,,,,,,,,,,,,,,,,,,
Sherman Park Library,"5440 S Racine Ave, Chicago, Illinois, 60609",5440 S Racine Ave,Chicago,Illinois,60609,-87.654934,41.795263,https://www.chipublib.org/locations/70/,Public Agency,,,,near,"Provides homework help, computer literacy assistance, and fishing poles.",,,,1,1,Library,,,,,,,1,,1,,,,,,,,,,,,1,,,,,,,,,,,1,,,,,,,,,,,,,,,,,,,,,,,,,
Hope HS,"5515 S Lowe Ave, Chicago, Illinois, 60621",5515 S Lowe Ave,Chicago,Illinois,60621,-87.641461,41.793631,http://johnhopecollegeprephs.org,Public School,Neighborhood high school,,,in,Offers out of school time programs (see program type details for specific detail). ,,,,,1,School,,,,,,,1,,1,,,,,1,,,,,1,,1,,,,,,,,,,,1,,,,,,,,,,,,,,,,,,,,,,,,,
KIPP Chicago - Bloom,"5515 S Lowe Ave, Chicago, Illinois, 60621",5515 S Lowe Ave,Chicago,Illinois,60621,-87.641461,41.793631,http://www.kippchicago.org,Public School,Charter elementary,,,in,Offers out of school time programs (see program type details for specific detail). ,,,,1,,School,,,,,,,1,,,,,,1,,,,,1,1,,1,,,,,,,,,,,1,,,,,,,,,,,,,,,,,,,,,,,,,
Allison's (On Racine),"5522 S Racine Ave, Chicago, Illinois, 60636",5522 S Racine Ave,Chicago,Illinois,60636,-87.654889,41.79309,,Early Childhood Program,,1,,in,Head Start and Early Head Start,,,1,,,center,,,,,,,1,,,,,,,,,1,,,,,,,,,,,,,,,,,,,,,,,,,,,,,,,,,,,,,,,,,
Court Theatre,"5535 S Ellis Ave, Chicago, Illinois, 60637",5535 S Ellis Ave,Chicago,Illinois,60637,-87.601307,41.794396,http://www.courttheatre.org/,Community organization,,,Provide services only through public schools in Englewood,out,Works through schools to provide arts programming (see detailed list under program types for specific programs).,,,,1,1,School,,,,,,,1,,,,,,,,1,,,,,1,,,,,,,,,,,,,,,,,,,,,,,0,0,0,0,1,0,1,1,1,1,0,1,1,,
Smart Museum of Art,"5550 S Greenwood Ave, Chicago, Illinois, 60637",5550 S Greenwood Ave,Chicago,Illinois,60637,-87.599793,41.794722,http://smartmuseum.uchicago.edu/,Museum,,,,out,"Works through schools to provide visual arts, field trips, after school programs, professional development, and other services and resources.",,,,1,,school,,,,,,,1,,,,,,,,1,,,,,,,,,,,,,,,,,,,,,,,,,,,,0,0,0,0,0,1,1,0,1,1,1,1,1,,
Henderson,"5650 S Wolcott Ave, Chicago, Illinois, 60636",5650 S Wolcott Ave,Chicago,Illinois,60636,-87.671798,41.790916,http://henderson.cps.edu,Public School,Neighborhood elementary,,,in,Offers out of school time programs (see program type details for specific detail). ,,,,1,,School,,,,,,,1,,1,1,1,,,,,,,,1,1,1,,,,,,,,,,,1,,,,,,,,,,,,,,,,,,,,,,,,,
First Start Children's Academy South,"5700 S Ashland Ave, Chicago, Illinois, 60636",5700 S Ashland Ave,Chicago,Illinois,60636,-87.664528,41.790219,,Early Childhood Program,,1,,in,Head Start and Early Head Start,,,1,,,center,,,,,,,1,,,,,,,,,1,,,,,,,,,,,,,,,,,,,,,,,,,,,,,,,,,,,,,,,,,
Museum of Science and Industry,"5700 S Lake Shore Dr, Chicago, Illinois, 60637",5700 S Lake Shore Dr,Chicago,Illinois,60637,-87.579695,41.79077,http://www.msichicago.org/,Museum,,,,out,"Works through schools to provide field trips, professional development, and resources.",,,,1,,school,,,,,,,1,,,,,,,,1,,,,,1,,,,,,,,,,,,,,,,,,,,,,,0,0,0,0,0,0,1,0,0,0,1,0,1,,
Sherwood Park,"5701 S Shields Ave, Chicago, Illinois, 60621",5701 S Shields Ave,Chicago,Illinois,60621,-87.634041,41.791441,http://www.chicagoparkdistrict.com/parks/Sherwood-Park/,Public Agency,,,,in,"Programs include seasonal sports, a nutrition program, gymnastics, Teen Club and summer camps.
",,,1,1,1,Park,,,,,,,,,,,,,,,,,,,,,1,,,,,,,,,,,1,,,,,,,,,,,,,,,,,,,,,,,,,
Southwood Interventions,"5701 S Wood St, Chicago, Illinois, 60636",5701 S Wood St,Chicago,Illinois,60636,-87.669315,41.790512,http://www.abraxasyfs.com/facilities/southwood/,Community organization,,,Social service agency with specific focus on supporting Englewood,in,"Provides services to adult male and female substance users, offering a full continuum of services from detox, to residential, and outpatient programming.",16 or more years,s,,,1,Center,,,,,,,,,,,,,,,,,,,,,1,,,,,,,,,,,,,,1,,,,,,,,,,,,,,,,,,,,,,
Shepherd's Hope Ltd,"5732 S Lowe Ave, Chicago, Illinois, 60621",5732 S Lowe Ave,Chicago,Illinois,60621,-87.641419,41.789699,http://shepherdshopechicago.org/,Community organization,,,Faith-based with specific focus on supporting Englewood,in,"Food pantry and family feeding center.  In the process of developing a youth after school program, which will include mentoring and tutoring.",6 to 15 years,m,1,1,1,Center,1,,,,,1,,,,,,,,,,,,,,,,,,,,,,,,,,,,,,,,,,,,,,,,,,,,,,,,,,,
"Literacy Zone, Inc. ","5831 S Western Ave, Chicago, Illinois, 60636",5831 S Western Ave,Chicago,Illinois,60636,-87.683814,41.787418,,Early Childhood Program,,1,,in,Early childhood program including Head Start,,,1,,,center,,,,,,,1,,,,,,,,,1,,,,,,,,,,,,,,,,,,,,,,,,,,,,,,,,,,,,,,,,,
Children's Home and Aid,"5958 S Marshfield Ave, Chicago, Illinois, 60636",5958 S Marshfield Ave,Chicago,Illinois,60636,-87.665608,41.78512,https://www.childrenshomeandaid.org,Community Organization,,,Social service agency with specific focus on supporting Englewood,In,"Programs include Power of Fathers, cognitive-based therapy in schools, RISE, One Summer Chicago, child & family counseling, adoption services, foster care support, and family preservation services.",16 or more years,l,1,1,1,Center or school,1,1,1,1,,,1,1,,1,,,,,,1,,,,,1,,,,,,1,1,,,,,,,,,,,1,1,1,,,,,,,,,,,,,,,,
Columbia College - Center for Community Arts Partnership (CCAP),"600 S Michigan Ave, Chicago, Illinois, 60605",600 S Michigan Ave,Chicago,Illinois,60605,-87.624265,41.874423,http://colum.edu/ccap,College/University,,,,out,"Works though schools to provide dance, media arts, music, theater, visual arts, field trips, after school programs,  professional development, and other services and resources.",,,,1,1,school,,,,,,,1,,,,,,,,1,,,,,1,,,,,,,,,,,,,,,,,,,,,,,1,1,1,1,1,1,1,1,1,1,1,1,1,,
The Chicago Jazz Ensemble,"600 S Michigan Ave, Chicago, Illinois, 60605",600 S Michigan Ave,Chicago,Illinois,60605,-87.624265,41.874423,http://www.chicagojazzensemble.com/,Community organization,,,Provide services only through public schools in Englewood,out,Works through schools to provide arts programming (see detailed list under program types for specific programs).,,,,1,1,School,,,,,,,1,,,,,,,,,,,,,1,,,,,,,,,,,,,,,,,,,,,,,0,0,1,0,0,0,0,0,1,0,0,1,0,,
Chicago Public Art Group,"600 W Cermak Rd, Chicago, Illinois, 60616",600 W Cermak Rd,Chicago,Illinois,60616,-87.64182,41.852748,http://www.cpag.net/,Community organization,,,Provide services only through public schools in Englewood,out,Works through schools to provide arts programming (see detailed list under program types for specific programs).,,,,,1,School,,,,,,,1,,,,,,,,,,,,,1,,,,,,,,,,,,,,,,,,,,,,,0,0,0,0,0,1,0,0,0,0,1,1,0,,
Nicholson,"6006 S Peoria St, Chicago, Illinois, 60621",6006 S Peoria St,Chicago,Illinois,60621,-87.64734,41.784972,http://nicholsontech.org,Public School,Neighborhood elementary,1,,in,Offers out of school time programs (see program type details for specific detail). Also offers Head Start/Early Head Start.,,,1,1,,School,,,,,,,1,,1,,,,,,,1,,,1,,1,,,,,,,,,,,1,,,,,,,,,,,,,,,,,,,,,,,,,
Langford,"6010 S Throop St, Chicago, Illinois, 60636",6010 S Throop St,Chicago,Illinois,60636,-87.657099,41.78481,http://www.langfordacademy.org,Public School,Neighborhood elementary,1,,in,Offers out of school time programs (see program type details for specific detail). Also offers Head Start/Early Head Start.,,,1,1,,School,,,,,,,1,,1,,,,,,,1,,,1,,1,,,,,,,,,,,1,,,,,,,,,,,,,,,,,,,,,,,,,
Ada S. McKinley Community Services - Wentworth,"6033 S Wentworth Ave, Chicago, Illinois, 60621",6033 S Wentworth Ave,Chicago,Illinois,60621,-87.630185,41.784332,http://www.adasmckinley.org,Community Organization,,,Social service agency with specific focus on supporting Englewood,In,Programs focus on employment and community support,16 or more years,l,1,1,1,center,,,,,,,?,,,,,,1,,,,,,,,1,,,,,,1,,,,,,,,,,,,1,1,,,,,,,,,,,,,,,,,
Lindblom Park,"6054 S Damen Ave, Chicago, Illinois, 60636",6054 S Damen Ave,Chicago,Illinois,60636,-87.674054,41.783849,http://www.chicagoparkdistrict.com/parks/Lindblom-Park/,Public Agency,,,,in,Programs include seasonal sports and summer camps.,,,1,1,1,Park,,,,,,,,,,,,,,,,,,,,,1,,,,,,,,,,,1,,,,,,,,,,,,,,,,,,,,,,,,,
Planned Parenthood - Englewood Health Center,"6059 S Ashland Ave, Chicago, Illinois, 60636",6059 S Ashland Ave,Chicago,Illinois,60636,-87.664275,41.783232,https://www.plannedparenthood.org/health-center/all/all/60636,Healthcare Entity,,,,In,"Provides family planning services, HIV testing, men's healthcare services, STD testing, vaccinations, and women's healthcare.",,,1,1,1,Center,,,,,,,,,,,,,,,,,,,,,1,1,1,,,,,,,,,,1,1,,,,,,,,,,,,,,,,,,,,,,,
I Have a Dream Learning Day Care Center,"6117 S Ashland Ave, Chicago, Illinois, 60636",6117 S Ashland Ave,Chicago,Illinois,60636,-87.664264,41.782542,,Early Childhood Program,,,,in,Early childhood program,,,1,,,center,,,,,,,1,,,,,,,,,1,,,,,,,,,,,,,,,,,,,,,,,,,,,,,,,,,,,,,,,,,
Lindblom HS,"6130 S Wolcott Ave, Chicago, Illinois, 60636",6130 S Wolcott Ave,Chicago,Illinois,60636,-87.671576,41.782423,http://lindblomeagles.org,Public School,Citywide high school,,,in,Offers out of school time programs (see program type details for specific detail). ,,,,1,1,School,,,,,,,1,,,,1,,1,,,,,,1,1,1,,,,,,,,,,,1,,,,,,,,,,,,,,,,,,,,,,,,,
TimeLine Theatre Company,"615 W Wellington Ave, Chicago, Illinois, 60657",615 W Wellington Ave,Chicago,Illinois,60657,-87.644941,41.936453,,Community organization,,,Provide services only through public schools in Englewood,out,Works through schools to provide arts programming (see detailed list under program types for specific programs).,,,,,1,School,,,,,,,1,,,,,,,,1,,,,,1,,,,,,,,,,,,,,,,,,,,,,,0,0,0,0,1,0,1,1,0,0,0,1,1,,
Kelly Library,"6151 S Normal Ave, Chicago, Illinois, 60621",6151 S Normal Ave,Chicago,Illinois,60621,-87.6375,41.782369,https://www.chipublib.org/locations/44/,Public Agency,,,,in,Provides homework help and computer literacy support,,,,1,1,Library,,,,,,,1,,1,,,,,,,,,,,,,,,,,,,,,,,,,,,,,,,,,,,,,,,,,,,,,,,,
Bethel Imani Lutheran Pantry,"6201 S Sangamon St, Chicago, Illinois, 60621",6201 S Sangamon St,Chicago,Illinois,60621,-87.648405,41.781172,http://bethel.startlogic.com/bulletin.html,Community organization,,,Faith-based with specific focus on supporting Englewood,in,"Provides weekly food drives, ""Back-to-School"" book bag drives, and other youth programs.",16 or more years,s,1,1,1,Center,1,,,,,1,,,,,,,,,,,,,,,,,,,,,,,,,,,,,,,,,,,,,,,,,,,,,,,,,,,
Team HS,"6201 S Stewart Ave, Chicago, Illinois, 60621",6201 S Stewart Ave,Chicago,Illinois,60621,-87.635045,41.781471,,Public School,Citywide high school,,,in,Offers out of school time programs (see program type details for specific detail). ,,,,,1,School,,,,,,,1,,1,,1,,1,,,,,1,1,,1,,,,,,,,,,,1,,,,,,,,,,,,,,,,,,,,,,,,,
Urban Prep - Englewood HS,"6201 S Stewart Ave, Chicago, Illinois, 60621",6201 S Stewart Ave,Chicago,Illinois,60621,-87.635045,41.781471,http://www.urbanprep.org/schools/englewood-campus,Public School,Charter high school,,,in,Offers out of school time programs (see program type details for specific detail). ,,,,,1,School,,,,,,,1,,1,,,,,,,,,,1,1,1,,,,,,,,,,,1,,,,,,,,,,,,,,,,,,,,,,,,,
Diana's Playpen of Little Genius's Inc,"6236 S Western Ave, Chicago, Illinois, 60636",6236 S Western Ave,Chicago,Illinois,60636,-87.683688,41.77999,,Early Childhood Program,,1,,in,Early childhood program including Head Start,,,1,,,center,,,,,,,1,,,,,,,,,1,,,,,,,,,,,,,,,,,,,,,,,,,,,,,,,,,,,,,,,,,
Boys & Girls Clubs of Chicago - Englewood,"6245 S Wabash Ave, Chicago, Illinois, 60637",6245 S Wabash Ave,Chicago,Illinois,60637,-87.623705,41.780501,http://www.bgcc.org,Community organization,,,Social service agency with specific focus on supporting Englewood,near,"Programs include Character & Leadership, Education & Career, Health & Life Skills, The Arts, and Fitness & Sports.",16 or more years,l,,1,1,Center,,,,,,,1,,,,1,,1,,,,,,,1,1,,,,,,,,,,,1,,,,,,,,,,,,,,,,,,,,,,,,,
Snow City Arts,"630 S Hermitage Ave, Chicago, Illinois, 60612",630 S Hermitage Ave,Chicago,Illinois,60612,-87.670384,41.873402,http://www.snowcityarts.org/,Community organization,,,Provide services only through public schools in Englewood,out,Works through schools to provide arts programming (see detailed list under program types for specific programs).,,,,1,1,School,,,,,,,1,,,,,,,,,,,,,1,,,,,,,,,,,,,,,,,,,,,,,0,1,1,1,1,1,0,0,1,0,0,0,1,,
Kennedy King--City Colleges of Chicago,"6301 S Halsted St, Chicago, Illinois, 60621",6301 S Halsted St,Chicago,Illinois,60621,-87.644745,41.779511,,College/University,,,,In,Community college with education and workforce development programs.,,,,,1,center,,,,,,,1,,,,,,1,,,,,,,,,,,,,,,,,,,,,,,,,,1,1,,,,,,,,,,,,,,,,,
Northwestern University,"633 Clark St, Evanston, Illinois, 60208",633 Clark St,Evanston,Illinois,60208,-87.67934,42.049843,http://www.northwestern.edu/,College/University,,,,out,"Works through schools to provide school performance, after school programs, and other services and resources.",,,,1,1,school,,,,,,,1,,,,,,,,,,,,,,,,,,,,,,,,,,,,,,,,,,,,0,0,0,0,0,0,0,1,1,1,1,1,1,,
Noble - Johnson HS,"6350 S Stewart Ave, Chicago, Illinois, 60621",6350 S Stewart Ave,Chicago,Illinois,60621,-87.635051,41.778819,http://johnsoncollegeprep.noblenetwork.org,Public School,Charter high school,,,in,Offers out of school time programs (see program type details for specific detail). ,,,,,1,School,,,,,,,1,,1,,1,,,,,,,,1,1,1,,,,,,,,,,,1,,,,,,,,,,,,,,,,,,,,,,,,,
"First Step Learning Daycare, Inc.","6401 S Ashland Ave, Chicago, Illinois, 60636",6401 S Ashland Ave,Chicago,Illinois,60636,-87.664144,41.777492,,Early Childhood Program,,1,,in,Early childhood program including Head Start,,,1,,,center,,,,,,,1,,,,,,,,,1,,,,,,,,,,,,,,,,,,,,,,,,,,,,,,,,,,,,,,,,,
I Grow Chicago,"6402 S Honore St, Chicago, Illinois, 60636",6402 S Honore St,Chicago,Illinois,60636,-87.670288,41.777349,http://www.igrowchicago.org/contact-us/,Community organization,,,Social service agency with specific focus on supporting Englewood,in,"Focused on fostering creativity, wellness and empowerment for individuals in the community as a whole.  Programs include sustainable farming and educational programs in nutrition, movement yoga and the arts, after school programs, camps, mentoring, men's group, and laundry services.",5 years or less,s,1,1,1,Center,1,,,,,1,1,,,,1,,,,,,,,,,1,,,,1,,,,,,,,,,,,,,,,,,,,,,,,,,,,,,,,
Community Health,"641 W 63rd St, Chicago, Illinois, 60621",641 W 63rd St,Chicago,Illinois,60621,-87.641251,41.779783,http://www.communityhealth.org/,Healthcare Entity,,,,In,"Provides medical services to low-income uninsured adults in need of a medical home.  Services include: specialty (e.g. cardiology, gynecology, neurology), dental care, preventive health screenings, vaccinations, select diagnostic testing, cessation counseling, nutrition counseling, diabetes management, medication therapy management for chronic conditions, and counseling for emotional and personal support.",,,1,1,1,Center,,,,,,,,,,,,,,,,,,,,,1,1,1,1,1,1,1,,,,,,,,,,,,,,,,,,,,,,,,,,,,,,
YWCA of Metropolitan Chicago - Englewood Satellite,"641 W 63rd St, Chicago, Illinois, 60621",641 W 63rd St,Chicago,Illinois,60621,-87.641251,41.779783,,Community organization,,,Social service agency with specific focus on supporting Englewood,in,"Programs include sexual violence & support services, adult & child sexual assault counseling, medical & legal advocacy, violence prevention education, Economic Empowerment Institute, computer classes, TechGYRLS, teen parenting program.
",16 or more years,l,,1,1,Center,,,,,,,1,,,1,1,,,,,,,,,,1,,,,,,,,1,,,,,,,1,,1,,,,,,,,,,,,,,,,,,,
King ES,"644 W 71st St, Chicago, Illinois, 60621",644 W 71st St,Chicago,Illinois,60621,-87.640979,41.765304,http://www.kingacademy.cps.edu/prin.html,Public School,Neighborhood elementary,1,,in,Offers out of school time programs (see program type details for specific detail). Also offers Head Start/Early Head Start.,,,1,1,,School,,,,,,,1,,1,,1,,,,,1,,1,1,1,1,,,,,,,,,,,1,,,,,,,,,,,,,,,,,,,,,,,,,
Wonder Works,"6445 W North Ave, Oak Park, Illinois, 60302",6445 W North Ave,Oak Park,Illinois,60302,-87.786961,41.909093,http://wonder-works.org/,Community organization,,,Provide services only through public schools in Englewood,out,Works through schools to provide arts programming (see detailed list under program types for specific programs).,,,,1,,School,,,,,,,1,,,,,,,,1,,,,,,,,,,,,,,,,,,,,,,,,,,,,0,0,0,0,0,0,1,0,0,0,0,0,0,,
Kershaw,"6450 S Lowe Ave, Chicago, Illinois, 60621",6450 S Lowe Ave,Chicago,Illinois,60621,-87.640829,41.777044,http://www.kershawmagnet.org,Public School,Citywide elementary ,1,,in,Offers out of school time programs (see program type details for specific detail). Also offers Head Start/Early Head Start.,,,1,1,,School,,,,,,,1,,1,,,,,,,1,,,1,,1,,,,,,,,,,,1,,,,,,,,,,,,,,,,,,,,,,,,,
People Educated Against Crime in Englewood (P.E.A.C.E.),"6455 S Peoria St, Chicago, Illinois, 60621",6455 S Peoria St,Chicago,Illinois,60621,-87.647088,41.77689,,Community organization,,,Social service agency with specific focus on supporting Englewood,in,Provides an after school program,5 years or less,s,,1,1,Center,,,,,,,1,,,,1,,,,,,,1,,,,,,,,,,,,,,,,,,,,,,,,,,,,,,,,,,,,,,,
Reading in Motion,"65 E Wacker Pl, Chicago, Illinois, 60601",65 E Wacker Pl,Chicago,Illinois,60601,-87.625632,41.886793,http://www.readinginmotion.org/,Community organization,,,Provide services only through public schools in Englewood,out,Works through schools to provide arts programming (see detailed list under program types for specific programs).,,,,1,,School,,,,,,,1,,,,,,,,,,,,,1,,,,,,,,,,,,,,,,,,,,,,,0,0,1,0,1,0,0,1,0,1,1,0,1,1,
Children Learn & Play Day Care II,"6512 S Halsted St, Chicago, Illinois, 60621",6512 S Halsted St,Chicago,Illinois,60621,-87.644708,41.775629,,Early Childhood Program,,,,in,Early childhood program,,,1,,,center,,,,,,,1,,,,,,,,,1,,,,,,,,,,,,,,,,,,,,,,,,,,,,,,,,,,,,,,,,,
Providence Englewood,"6515 S Ashland Ave, Chicago, Illinois, 60636",6515 S Ashland Ave,Chicago,Illinois,60636,-87.664082,41.775515,http://www.providenceenglewood.org,Public School,Charter elementary,,,in,Offers out of school time programs (see program type details for specific detail). ,,,,1,,School,,,,,,,1,,,,,,,,,,,,1,1,1,,,,,,,,,,,1,,,,,,,,,,,,,,,,,,,,,,,,,
Harper HS,"6520 S Wood St, Chicago, Illinois, 60636",6520 S Wood St,Chicago,Illinois,60636,-87.669008,41.77486,http://www.harperhighschool.org,Public School,Neighborhood high school,,,in,Offers out of school time programs (see program type details for specific detail). ,,,,,1,School,,,,,,,1,,1,,1,,1,,,,,1,1,1,1,,,,,,,,,,,1,,,,,,,,,,,,,,,,,,,,,,,,,
Otoole,"6550 S Seeley Ave, Chicago, Illinois, 60636",6550 S Seeley Ave,Chicago,Illinois,60636,-87.675038,41.774764,http://www.otoolelions.org,Public School,Neighborhood elementary,1,,in,Offers out of school time programs (see program type details for specific detail). Also offers Head Start/Early Head Start.,,,1,1,,School,,,,,,,1,,1,,,,,,,1,,,1,,1,,,,,,,,,,,1,,,,,,,,,,,,,,,,,,,,,,,,,
All Things Through Christ,"6600 S Hermitage Ave, Chicago, Illinois, 60636",6600 S Hermitage Ave,Chicago,Illinois,60636,-87.667759,41.773799,http://attcomcharities.org,Community organization,,,Faith-based with specific focus on supporting Englewood,In,"Services include Back To School Jamboree, Christmas In West Englewood Toy and Coat Giveaway, weekly food pantry, Crisis Counseling of unwed mothers and pregnant teens, and Educational and college preparatory counseling and guidance.

",16 or more years,s,1,1,1,Center,1,,,,,1,1,,,,,,1,,,,,,,,1,,,,,,,1,,,,,1,,,,,,,,,,,,,,,,,,,,,,,,
Ada S. McKinley Community Services - Stewart,"6600 S Stewart Ave, Chicago, Illinois, 60621",6600 S Stewart Ave,Chicago,Illinois,60621,-87.634949,41.774199,http://www.adasmckinley.org,Community Organization,,,Social service agency with specific focus on supporting Englewood,In,Programs focus on employment and community support,16 or more years,l,1,1,1,center,,,,,,,?,,,,,,1,,,,,,,,1,,,,,,1,,,,,,,,,,,,1,1,,,,,,,,,,,,,,,,,
Mays,"6656 S Normal Blvd, Chicago, Illinois, 60621",6656 S Normal Blvd,Chicago,Illinois,60621,-87.636882,41.773106,http://www.maysacademy.com,Public School,Neighborhood elementary,,,in,Offers out of school time programs (see program type details for specific detail). ,,,,1,,School,,,,,,,1,,1,,1,,,,,,,1,1,1,1,,,,,,,,,,,1,,,,,,,,,,,,,,,,,,,,,,,,,
Little Angels Learning Center,"6701 S Emerald Ave, Chicago, Illinois, 60621",6701 S Emerald Ave,Chicago,Illinois,60621,-87.643195,41.772282,,Early Childhood Program,,1,,in,Early childhood program including Head Start,,,1,,,center,,,,,,,1,,,,,,,,,1,,,,,,,,,,,,,,,,,,,,,,,,,,,,,,,,,,,,,,,,,
Ada S. McKinley Community Services -Hammond House,"6701 S Morgan St, Chicago, Illinois, 60621",6701 S Morgan St,Chicago,Illinois,60621,-87.649395,41.772162,http://www.adasmckinley.org,Community Organization,,,Social service agency with specific focus on supporting Englewood,In,Programs focus on employment and community support,16 or more years,l,1,1,1,center,,,,,,,?,,,,,,1,,,,,,,,1,,,,,,1,,,,,,,,,,,,1,1,,,,,,,,,,,,,,,,,
Family Focus of Englewood ,"6727 S Western Ave, Chicago, Illinois, 60636",6727 S Western Ave,Chicago,Illinois,60636,-87.683385,41.771131,http://www.family-focus.org/centers/englewood,Community organization,,,Social service agency with specific focus on supporting Englewood,in,"Program and services include home visits, prenatal and parenting support groups, child development education, trauma-focus therapy, crisis intervention, family planning education, grandparent raising grandchildren, father support groups, afterschool programs in schools, academic enrichment, social emotional learning and positive recreational activities, General Education Degree (GED) courses, adult literacy and support and referrals to other services, and Helping Pregnant Teens & Teen Parents.
",16 or more years,l,1,1,1,Center,1,,,1,,,1,1,,1,,,,1,,1,,,,,1,,,,,,,1,,1,,,1,,,1,1,,,,,,,,,,,,,,,,,,,,
Davis M,"6740 S Paulina St, Chicago, Illinois, 60636",6740 S Paulina St,Chicago,Illinois,60636,-87.666446,41.771373,http://www.milesdavismagnet.org,Public School,Citywide elementary ,,,in,Offers out of school time programs (see program type details for specific detail). ,,,,1,,School,,,,,,,1,,,,1,,,,,,,,1,,1,,,,,,,,,,,1,,,,,,,,,,,,,,,,,,,,,,,,,
Parker,"6800 S Stewart Ave, Chicago, Illinois, 60621",6800 S Stewart Ave,Chicago,Illinois,60621,-87.634791,41.7689,http://parkercommunityacademy.weebly.com,Public School,Neighborhood elementary,,,in,Offers out of school time programs (see program type details for specific detail). ,,,,1,,School,,,,,,,1,,1,1,1,,,,,,,,1,1,1,,,,,,,,,,,1,,,,,,,,,,,,,,,,,,,,,,,,,
Beloved Community Family Wellness Center,"6821 S Halsted St, Chicago, Illinois, 60621",6821 S Halsted St,Chicago,Illinois,60621,-87.644505,41.769952,http://bcfwc.org/wps/,Community organization,,,Social service agency with specific focus on supporting Englewood,in,"Services include Prenatal Care, Immunizations, Well-Child Care, Confidential Teen Care, and Men & Women's Health Care.",6 to 15 years,m,1,1,1,Center,,,,,,,,,,,,,,,,,,,,,1,1,1,,,,,,,,,,1,,,,,,,,,,,,,,,,,,,,,,,,
Robeson HS,"6835 S Normal Blvd, Chicago, Illinois, 60621",6835 S Normal Blvd,Chicago,Illinois,60621,-87.637228,41.770048,http://www.prhs.org,Public School,Neighborhood high school,,,in,Offers out of school time programs (see program type details for specific detail). ,,,,,1,School,,,,,,,1,,1,,,,1,,,,,1,1,1,1,,,,,,,,,,,1,,,,,,,,,,,,,,,,,,,,,,,,,
Community Action Council (CPS),"6836 S Normal Blvd, Chicago, Illinois, 60621",6836 S Normal Blvd,Chicago,Illinois,60622,-87.637228,41.770048,http://cps.edu/FACE/Pages/CAC.aspx,Public Agency,,,,In,"Informs parents about the performance and utilization of schools in their neighborhood and the priorities and initiatives of the CPS central office & connects schools, students and families to various community resources.
   
",,,,1,1,Center,,,,,,,1,,,,,,,,,,,,,,,,,,,,,,,,,,,,,,,,,,,,,,,,,,,,,,,,,,
"The Sky is the Limit Recovery Facilities, Inc. ","6859 S Halsted St, Chicago, Illinois, 60621",6859 S Halsted St,Chicago,Illinois,60621,-87.644487,41.769583,Does not exist ,Community organization,,,Social service agency with specific focus on supporting Englewood,in,"Services include Substance Abuse Treatment, Detoxification, Methadone Maintenance, Methadone Detoxification",5 years or less,m,,,1,Center,,,,,,,,,,,,,,,,,,,,,1,,,,,,,,,,,,,,1,,,,,,,,,,,,,,,,,,,,,,
Montessori Englewood,"6936 S Hermitage Ave, Chicago, Illinois, 60636",6936 S Hermitage Ave,Chicago,Illinois,60636,-87.667567,41.767798,http://www.tmsoe.org,Public School,Charter elementary,1,,in,Offers out of school time programs (see program type details for specific detail). Also offers Head Start/Early Head Start.,,,1,1,,School,,,,,,,1,,,,,,,,,1,,,1,,1,,,,,,,,,,,1,,,,,,,,,,,,,,,,,,,,,,,,,
McKay ES,"6938 S Washtenaw Ave, Chicago, Illinois, 60629",6938 S Washtenaw Ave,Chicago,Illinois,60629,-87.690685,41.767485,,Early Childhood Program,,1,,near,Head Start,,,1,,,center,,,,,,,1,,,,,,,,,1,,,,,,,,,,,,,,,,,,,,,,,,,,,,,,,,,,,,,,,,,
Chicago Children's Museum,"700 E Grand Ave, Chicago, Illinois, 60611",700 E Grand Ave,Chicago,Illinois,60611,-87.609202,41.892098,http://www.chicagochildrensmuseum.org/,Museum,,,,out,"Works through schools to provide music, visual arts, in school performance, field trips, after school programs, professional development, and other services and resources.",,,,1,,school,,,,,,,1,,,,,,,,1,,,,,1,,,,,,,,,,,,,,,,,,,,,,,0,0,1,1,0,1,1,1,0,0,1,1,1,,
Chicago Child Care Society,"7000 S Parnell Ave, Chicago, Illinois, 60621",7000 S Parnell Ave,Chicago,Illinois,60621,-87.638419,41.76684,http://www.cccsociety.org/,Community Organization,,1,Social service agency with specific focus on supporting Englewood,in,"Offers the following programs: The Preschool Center in Englewood (Center Based Early Childhood), Beyond Parenting (Home-visiting program for children birth to three @ Robeson and Hope Schools), Early Head Start (Home visiting program for children birth to three), and Council of Thought and Action [COTA] (juvenile justice program @ Robeson High School)
",16 or more years,l,1,,1,Center or school,,,,,,,1,,,,1,,,,,1,1,1,,,,,,,,,,,,,,,,,,,,,,,,,,,,,,,,,,,,,,,
D&H Literacy Center,"7033 S Honore St, Chicago, Illinois, 60636",7033 S Honore St,Chicago,Illinois,60636,-87.669891,41.766038,https://dhliteracycenter.wordpress.com/,Community Organization,,,Social service agency with specific focus on supporting Englewood,In,"Programs include after school tutoring for grades 1-7, parenting classes, anger management, and counseling on domestic abuse.",5 years or less,s,1,1,1,Center,,,,,,,1,,1,1,,,,,,,,,,,1,,,,,,,,,1,1,,,,,,,,,,,,,,,,,,,,,,,,,,
Beteur 1 Child Care,"7045 S Halsted St, Chicago, Illinois, 60621",7045 S Halsted St,Chicago,Illinois,60621,-87.644395,41.765669,,Early Childhood Program,,,,in,Early childhood program,,,1,,,center,,,,,,,1,,,,,,,,,1,,,,,,,,,,,,,,,,,,,,,,,,,,,,,,,,,,,,,,,,,
Bond,"7050 S May St, Chicago, Illinois, 60621",7050 S May St,Chicago,Illinois,60621,-87.652934,41.765448,http://www.bondelementary.org,Public School,Neighborhood elementary,1,,in,Offers out of school time programs (see program type details for specific detail). Also offers Head Start/Early Head Start.,,,1,1,,School,,,,,,,1,,,,1,,,,,1,,,1,1,1,,,,,,,,,,,1,,,,,,,,,,,,,,,,,,,,,,,,,
Child Dev Lab Center @ Kennedy King College,"710 W 65th St, Chicago, Illinois, 60621",710 W 65th St,Chicago,Illinois,60621,-87.642889,41.776165,,Early Childhood Program,,1,,in,Early childhood program including Head Start,,,1,,,center,,,,,,,1,,,,,,,,,1,,,,,,,,,,,,,,,,,,,,,,,,,,,,,,,,,,,,,,,,,
Yana House,"7120 S Normal Blvd, Chicago, Illinois, 60621",7120 S Normal Blvd,Chicago,Illinois,60621,-87.637128,41.76465,Does not exist ,Community organization,,,Social service agency with specific focus on supporting Englewood,in,Drug treatment program,5 years or less,s,,,1,Center,,,,,,,,,,,,,,,,,,,,,1,,,,,,,,,,,,,,,,,,,,,,,,,,,,,,,,,,,,
Camelot - Excel Englewood,"7141 S Morgan St, Chicago, Illinois, 60621",7141 S Morgan St,Chicago,Illinois,60621,-87.649189,41.764293,http://cameloteducation.org/excel-academy-of-englewood/,Public School,Citywide high school,,,in,Offers out of school time programs (see program type details for specific detail). ,,,,,1,School,,,,,,,1,,,,,,,,,,,,1,,1,,,,,,,,,,,1,,,,,,,,,,,,,,,,,,,,,,,,,
Little Hands Child Creative Center,"7146 S Ashland Ave, Chicago, Illinois, 60636",7146 S Ashland Ave,Chicago,Illinois,60636,-87.663789,41.763519,,Early Childhood Program,,1,,in,Early childhood program including Head Start,,,1,,,center,,,,,,,1,,,,,,,,,1,,,,,,,,,,,,,,,,,,,,,,,,,,,,,,,,,,,,,,,,,
TOTALLY POSITIVE PRODUCTIONS,"7157 S Princeton Ave, Chicago, Illinois, 60621",7157 S Princeton Ave,Chicago,Illinois,60621,-87.632125,41.763722,http://www.totallypositiveproductions.com/,Community Organization,,,Social service agency with specific focus on supporting Englewood,In,Provides service learning and youth employment with the goal of engaging youth to prevent violence/gang involvement,16 or more years,s,,1,1,Center,,,,,,,1,,,,,1,,,,,,,,,,,,,,,,,,,,,,,,1,1,,1,,1,,,,,,,,,,,,,,,,
Lez Enfants Academy Inc,"7209 S Halsted St, Chicago, Illinois, 60621",7209 S Halsted St,Chicago,Illinois,60621,-87.644315,41.763061,,Early Childhood Program,,,,in,Early childhood program,,,1,,,center,,,,,,,1,,,,,,,,,1,,,,,,,,,,,,,,,,,,,,,,,,,,,,,,,,,,,,,,,,,
Sisters Inc Leadership Program,"7218 S Honore St, Chicago, Illinois, 60636",7218 S Honore St,Chicago,Illinois,60636,-87.669858,41.762431,http://www.sistersincleadership.org/,Community Organization,,,Social service agency with specific focus on supporting Englewood,In,"Provides mentorship and guidance through academic counseling, college and career preparation, character development, and community service",5 years or less,s,,1,1,School,,,,,,,1,,,,1,1,1,1,,,,,,,,,,,,,,,,,,,,,,,,,,,,,,,,,,,,,,,,,,,
Imagine Englewood If NFP,"730 W 69th St, Chicago, Illinois, 60621",730 W 69th St,Chicago,Illinois,60621,-87.642633,41.768882,http://www.imagineenglewoodif.org,Community organization,,,Social service agency with specific focus on supporting Englewood,In,"Programs include lead poisoning prevention, healthy eating, violence prevention, tutoring and mentorship, field trips, community garden, and arts and crafts",6 to 15 years,s,1,1,1,Center,1,,,,1,,1,,1,,1,,,,,,,,,1,1,,,,1,,,,,,,,,,,1,,1,,,,,,,,,,,,,,,,,,,1
Randolph,"7316 S Hoyne Ave, Chicago, Illinois, 60636",7316 S Hoyne Ave,Chicago,Illinois,60636,-87.675899,41.76083,http://randolph.cps.edu,Public School,Neighborhood elementary,1,,in,Offers out of school time programs (see program type details for specific detail). Also offers Head Start/Early Head Start.,,,1,1,,School,,,,,,,1,,1,1,,,,,,1,,,1,1,1,,,,,,,,,,,1,,,,,,,,,,,,,,,,,,,,,,,,,
Children of Tomorrow Learning Ctr Inc.,"7322 S Damen Ave, Chicago, Illinois, 60636",7322 S Damen Ave,Chicago,Illinois,60636,-87.673469,41.76042,,Early Childhood Program,,,,in,Early childhood program,,,1,,,center,,,,,,,1,,,,,,,,,1,,,,,,,,,,,,,,,,,,,,,,,,,,,,,,,,,,,,,,,,,
Southside HS,"7342 S Hoyne Ave, Chicago, Illinois, 60636",7342 S Hoyne Ave,Chicago,Illinois,60636,-87.675877,41.759973,http://www.southsideoccupational.org,Public School,Citywide high school,,,in,Offers out of school time programs (see program type details for specific detail). ,,,,,1,School,,,,,,,1,,,,,,,,,,,,1,1,1,,,,,,,,,,,1,,,,,,,,,,,,,,,,,,,,,,,,,
King's Kiddie Kingdom II,"7400 S Green St, Chicago, Illinois, 60621",7400 S Green St,Chicago,Illinois,60621,-87.645498,41.75959,,Early Childhood Program,,,,in,Early childhood program,,,1,,,center,,,,,,,1,,,,,,,,,1,,,,,,,,,,,,,,,,,,,,,,,,,,,,,,,,,,,,,,,,,
Stagg,"7424 S Morgan St, Chicago, Illinois, 60621",7424 S Morgan St,Chicago,Illinois,60621,-87.649136,41.759314,http://auslchicago.org/schools/pages/stagg,Public School,Neighborhood elementary,1,,in,Offers out of school time programs (see program type details for specific detail). Also offers Head Start/Early Head Start.,,,1,1,,School,,,,,,,1,,1,,,,,,,1,,,1,,1,,,,,,,,,,,1,,,,,,,,,,,,,,,,,,,,,,,,,
Kids Are Us Learning Center,"7453 S Vincennes Ave, Chicago, Illinois, 60621",7453 S Vincennes Ave,Chicago,Illinois,60621,-87.63115,41.758557,,Early Childhood Program,,1,,in,Early childhood program including Head Start,,,1,,,center,,,,,,,1,,,,,,,,,1,,,,,,,,,,,,,,,,,,,,,,,,,,,,,,,,,,,,,,,,,
Thurgood Marshall Library,"7506 S Racine Ave, Chicago, Illinois, 60620",7506 S Racine Ave,Chicago,Illinois,60620,-87.653941,41.757415,https://www.chipublib.org/locations/5/,Public Agency,,,,near,"Provides homework help, computer literacy support and YOUmedia.",,,,1,1,Library,,,,,,,1,,1,,1,,,,,,,,,,,,,,,,,,,,,,,,,,,,,,,,,,,,,,,,,,,,,,
Harvard ES,"7525 S Harvard Ave, Chicago, Illinois, 60620",7525 S Harvard Ave,Chicago,Illinois,60620,-87.632819,41.757617,,Early Childhood Program,,1,,near,Head Start,,,1,,,center,,,,,,,1,,,,,,,,,1,,,,,,,,,,,,,,,,,,,,,,,,,,,,,,,,,,,,,,,,,
Silk Road Rising,"77 W Washington St, Chicago, Illinois, 60602",77 W Washington St,Chicago,Illinois,60602,-87.630612,41.883223,http://www.silkroadrising.org/,Community organization,,,Provide services only through public schools in Englewood,out,Works through schools to provide arts programming (see detailed list under program types for specific programs).,,,,1,1,School,,,,,,,1,,,,,,,,1,,,,,1,,,,,,,,,,,,,,,,,,,,,,,0,0,0,0,1,0,1,1,0,0,1,1,1,,
Chicago Children's Choir,"78 E Washington St, Chicago, Illinois, 60602",78 E Washington St,Chicago,Illinois,60602,-87.625137,41.883296,http://www.ccchoir.org/,Community organization,,,Provide services only through public schools in Englewood,out,Works through schools to provide arts programming (see detailed list under program types for specific programs).,,,,1,,School,,,,,,,1,,,,,,,,1,,,,,1,,,,,,,,,,,,,,,,,,,,,,,0,0,1,0,0,0,1,1,1,1,1,1,1,,
Greater Auburn Gresham Development Corportation,"7901 S Racine Ave, Chicago, Illinois, 60620",7901 S Racine Ave,Chicago,Illinois,60620,-87.653691,41.750391,http://www.gagdc.org/index.html,Community organization,,,Social service agency with specific focus on supporting Englewood,near,"Programs include community economic development, housing and senior services, real estate development, and educational initiatives.",16 or more years,m,,1,1,Center or Community sites,,,,,,,1,,,,,,,,,,,,,,,,,,,,,,,,,,,,,,,,1,1,,,,,,,,,,,,,,,,,
Chicago Shakespeare Theater,"800 E Grand Ave, Chicago, Illinois, 60611",800 E Grand Ave,Chicago,Illinois,60611,-87.608667,41.892106,http://www.chicagoshakes.com/,Community organization,,,Provide services only through public schools in Englewood,out,Works through schools to provide arts programming (see detailed list under program types for specific programs).,,,,1,1,School,,,,,,,1,,,,,,,,1,,,,,1,,,,,,,,,,,,,,,,,,,,,,,0,0,0,0,1,0,1,1,0,1,1,0,0,,
YMCA,"801 N Dearborn St, Chicago, Illinois, 60610",801 N Dearborn St,Chicago,Illinois,60610,-87.629725,41.896761,http://www.ymcachicago.org/,Community organization,,,Provide services only through public schools in Englewood,out,Works through schools to provide arts programming (see detailed list under program types for specific programs).,,,,1,,School,,,,,,,1,,,,,,,,1,,,,,1,,,,,,,,,,,,,,,,,,,,,,,1,0,1,0,1,1,1,1,0,1,1,1,1,,
My Block My Hood My City,"8035 S Wabash Ave, Chicago, Illinois, 60619",8035 S Wabash Ave,Chicago,Illinois,60619,-87.622884,41.748082,http://mbmhmc.com,Community organization,,,Social service agency with specific focus on supporting Englewood,near,"Provides underprivileged youths with an awareness of the world and opportunities beyond their neighborhood through one day field trips through the different areas of the City of Chicago. Every month they take a group of interested teenagers on a City wide exploration, visiting hidden gem businesses, artful intersections, and exposing them to more of Chicago, not just a few blocks. ",5 years or less,s,,,1,Community sites,,,,,,,1,,,,1,,,,1,,,,,,,,,,,,,,,,,,,,,,,,,,,,,,,,,,,,,,,,,,
S&S Development Group NFP,"8140 S Kedzie Ave, Chicago, Illinois, 60652",8140 S Kedzie Ave,Chicago,Illinois,60652,-87.702289,41.744929,https://www.facebook.com/pg/SSDevelopmentGroup/about/?ref=page_internal,Community organization,,,Social service agency with specific focus on supporting Englewood,near,"Provides free group workshops and one-on-one counseling sessions that encompass financial literacy (budgeting, savings program, credit management), homebuyer education, mortgage delinquency, utility assistance, rental assistance, job readiness, and homeowners’ & renters’ rights.",6 to 15 years,s,1,1,1,Center,1,,,,1,,?,,,1,,,,,,,,,,,,,,,,,,,,,,,,,,,,,1,1,,,,,,,,,,,,,,,,,
Teamwork Englewood,"815 W 63rd St, Chicago, Illinois, 60621",815 W 63rd St,Chicago,Illinois,60621,-87.645532,41.779753,http://www.teamworkenglewood.org/Smart-Communities-Program.html,Community Organization,,,Social service agency with specific focus on supporting Englewood,In,"Programs include an African American male initiative (ages 10-18), golden nugget girls leadership program (ages 7-19 ), hoops in the hood (all ages), and sea scouts scholarships for sailing (ages 14-20)",6 to 15 years,m,,1,1,Center,,,,,,,1,,,,1,,,,,,,,,,1,,,,,,,,,,,1,,,,,,,,,,,,,,,,,,,,,,,,,
King's Kiddie Kingdom,"815 W 74th St, Chicago, Illinois, 60621",815 W 74th St,Chicago,Illinois,60621,-87.644819,41.759704,,Early Childhood Program,,,,in,Early childhood program,,,1,,,center,,,,,,,1,,,,,,,,,1,,,,,,,,,,,,,,,,,,,,,,,,,,,,,,,,,,,,,,,,,
Communities in Schools of Chicago,"815 W Van Buren St, Chicago, Illinois, 60607",815 W Van Buren St,Chicago,Illinois,60607,-87.648041,41.876624,http://www.chicagocis.org/,Community organization,,,Provide services only through public schools in Englewood,out,Works through schools to provide arts programming (see detailed list under program types for specific programs).,,,,1,,School,,,,,,,1,,,,,,,,,,,,,1,,,,,,,,,,,,,,,,,,,,,,,0,0,0,1,0,0,0,0,1,0,0,0,0,,
By the Hand/Kids Club,"8301 S Damen Ave, Chicago, Illinois, 60620",8301 S Damen Ave,Chicago,Illinois,60620,-87.672895,41.741831,http://bythehand.org,Community organization,,,Faith-based with specific focus on supporting Englewood,near,"After school program seeking to provide a safe and positive place for Englewood high school students grades 9th-12th. Services include academic help, dental/vision check ups, fun enrichments and positive mentorship. We also provide Scholarship opportunity, college prep and community service opportunities.",,,,1,1,School,,,,,,,1,,,,1,1,1,1,,,,,,,1,1,,,,,,,,,,,,,,,,,,,,,,,,,,,,,,,,,,,
By the Hand Club for Big Kids,"8302 S Damen Ave, Chicago, Illinois, 60620",8302 S Damen Ave,Chicago,Illinois,60620,-87.672978,41.742749,http://bythehand.org,Community organization,,,Faith-based with specific focus on supporting Englewood,near,Work with high school kids to help prepare for college years and to help them realize their full potential as adults who walk closely with the Lord. ,,,,1,1,School,,,,,,,1,,,,,,1,,,,,,,,,,,,,,,,,,,,,,,,,,,,,,,,,,,,,,,,,,,,
South Central Community Services,"8316 S Ellis Ave, Chicago, Illinois, 60619",8316 S Ellis Ave,Chicago,Illinois,60619,-87.600199,41.74339,http://www.sccsinc.org/,Community organization,,,Social service agency with specific focus on supporting Englewood,near,"The programs and services include: Target Literacy Reading Program; Day Treatment Elementary School; Day Treatment High School; Outpatient Mental Health Programs for Children and Adults; Biddy Basketball League; Brag Club for Seniors; Senior Recreation Services; BeBe P.H.A.T (Positive, Hip and Trim); and ‘Out of School Time’ Sports & Recreation; Summer Enrichment Camp and Massage Services. ",16 or more years,m,1,1,1,Center,,,,,,,1,,,,,,,,,,,,,1,1,,,,,,1,,,,,1,,,,,,,,,,,,,,,,,,,,,,,,,
Marwen,"833 N Orleans St, Chicago, Illinois, 60610",833 N Orleans St,Chicago,Illinois,60610,-87.637155,41.897953,http://www.marwen.org/,Community organization,,,Provide services only through public schools in Englewood,out,Works through schools to provide arts programming (see detailed list under program types for specific programs).,,,,,1,School,,,,,,,1,,,,,,,,1,,,,,1,,,,,,,,,,,,,,,,,,,,,,,0,1,0,1,0,1,1,0,1,1,0,0,1,,
Magic Johnson - Englewood HS,"845 W 69th St, Chicago, Illinois, 60621",845 W 69th St,Chicago,Illinois,60621,-87.646271,41.768763,http://magicjohnsonbridgescape.com,Public School,Citywide high school,,,in,Offers out of school time programs (see program type details for specific detail). ,,,,,1,School,,,,,,,1,,,,,,,,,,,,,,1,,,,,,,,,,,1,,,,,,,,,,,,,,,,,,,,,,,,,
Salvation Army Family & Community Services,"845 W 69th St, Chicago, Illinois, 60621",845 W 69th St,Chicago,Illinois,60621,-87.646271,41.768763,www.salarmychicago.org/family,Community organization,,1,Social service agency with specific focus on supporting Englewood,In,"Provides counseling to youth in danger of academic failure or when a threat of harm to self or others exists, and helps at-risk youth in Englewood and West Englewood learn appropriate strategies to cope with situations they face at home and at school through individual and group counseling.",16 or more years,m,1,1,1,Center,,,,,,,1,,,,,,,1,,1,,1,,,1,,,,,,1,,,,,,,,,,,,,,,,,,,,,,,,,,,,,,
Reva and David Logan Center for the Arts,"915 E 60th St, Chicago, Illinois, 60637",915 E 60th St,Chicago,Illinois,60637,-87.603817,41.785854,http://arts.uchicago.edu/,Community organization,,,Provide services only through public schools in Englewood,out,Works through schools to provide arts programming (see detailed list under program types for specific programs).,,,,1,1,School,,,,,,,1,,,,,,,,1,,,,,1,,,,,,,,,,,,,,,,,,,,,,,1,1,1,0,1,1,1,1,1,1,1,0,1,,
The People's Music School,"931 W Eastwood Ave, Chicago, Illinois, 60640",931 W Eastwood Ave,Chicago,Illinois,60640,-87.653742,41.966363,http://www.peoplesmusicschool.org/,Community organization,,,Social service agency with specific focus on supporting Englewood,Near,Provides free character-building mentorship through intensive music education,16 or more years,m,1,1,1,Center,,,,,,,1,,,,1,,,,,,,,,1,,,,,,,,,,,,,,,,,,,,,,,,,1,,,,,,,,,,,,
CPS SOAR Center,"945 W 69th St, Chicago, Illinois, 60621",945 W 69th St,Chicago,Illinois,60621,-87.649051,41.768733,http://cps.edu/About_CPS/Departments/Pages/EducationOptions.aspx,Public Agency,,,,In,A cross-agency collaborative focused on the re-engagement of chronically truant and out of school youth. ,,,,,1,Center,,,,,,,1,1,,,,,,,,,,,,,,,,,,,,,,,,,,,,,,,,,,,,,,,,,,,,,,,,,
The Salvation Army Adele and Robert Stern Red Shield Center,"945 W 69th St, Chicago, Illinois, 60621",945 W 69th St,Chicago,Illinois,60621,-87.649051,41.768733,http://www.rscchicago.org/,Community organization,,1,Social service agency with specific focus on supporting Englewood,In,"Provides sports programs, recreational programs, teen corner (safe place for teens to socialize), character building programs (learn to address physical, mental, spiritual and social needs), music programs (orchestra/band) and language classes",16 or more years,l,1,1,1,Center or school,,,,,,,1,,,,1,,,,,1,,,,1,1,,,,,,,,,,,1,,,,1,1,,,,,,0,0,0,0,0,0,0,0,1,1,0,1,1,,
Umoja Student Development Corporation,"954 W Washington Blvd, Chicago, Illinois, 60607",954 W Washington Blvd,Chicago,Illinois,60607,-87.651284,41.883088,,Community organization,,,Provide services only through public schools in Englewood,Out,Work through schools to provide a peace room and other restorative justice approaches.,16 or more years,m,,,1,School,,,,,,,1,,,,,,,,,,,1,,,1,,,,,,1,,,,1,,,,,,,,,,,,,,,,,,,,,,,,,,
Holmes,"955 W Garfield Blvd, Chicago, Illinois, 60621",955 W Garfield Blvd,Chicago,Illinois,60621,-87.64924,41.793874,,Public School,Neighborhood elementary,1,,in,Offers out of school time programs (see program type details for specific detail). Also offers Head Start/Early Head Start.,,,1,1,,School,,,,,,,1,,1,,1,,,,,1,,,,1,1,,,,,,,,,,,1,,,,,,,,,,,,,,,,,,,,,,,,,
Better Sister Growth Network,"60636, Chicago, Illinois",,Chicago,Illinois,60636,-87.661598,41.774835,http://tbsgnetwork.vpweb.com/,Community Organization,,,Social service agency with specific focus on supporting Englewood,In,Provide workshops on job training and domestic violence,5 years or less,s,,,1,Community sites,,,,,,,,,,,,,,,,,,,,,1,,,,,,,,,1,,,,,,,,,1,1,,,,,,,,,,,,,,,,,
Lakeside Singers,"1103 Cleveland St, Evanston, Illinois, 60202",1103 Cleveland St,Chicago,Illinois,60202,-87.687112,42.029949,http://lakesidesingers.com/,Community organization,,,Provide services only through public schools in Englewood,out,Works through schools to provide arts programming (see detailed list under program types for specific programs).,,,,1,1,School,,,,,,,1,,,,,,,,1,,,,,1,,,,,,,,,,,,,,,,,,,,,,,0,0,1,0,0,0,1,0,1,1,1,0,1,,
Beautiful Zion Baptist Church Food Pantry,"1406 W 64th St, Chicago, Illinois, 60636",1406 W 64th St,Chicago,Illinois,60636,-87.659651,41.777737,,Community organization,,,Faith-based,in,Food pantry  ,,,1,1,1,Center,1,,,,,1,,,,,,,,,,,,,,,,,,,,,,,,,,,,,,,,,,,,,,,,,,,,,,,,,,,
We Do Care Food Pantry ,"1538 W 69th St, Chicago, Illinois, 60636",1538 W 69th St,Chicago,Illinois,60636,-87.663032,41.768568,,Community organization,,,Faith-based,in,Food pantry  ,,,1,1,1,Center,1,,,,,1,,,,,,,,,,,,,,,,,,,,,,,,,,,,,,,,,,,,,,,,,,,,,,,,,,,
Kingdom Builders Christian Center Food Pantry,"1648 W 63rd St, Chicago, Illinois, 60636",1648 W 63rd St,Chicago,Illinois,60636,-87.666153,41.779458,,Community organization,,,Faith-based,in,Food pantry  ,,,1,1,1,Center,1,,,,,1,,,,,,,,,,,,,,,,,,,,,,,,,,,,,,,,,,,,,,,,,,,,,,,,,,,
Uncle Shack Food Blessing Food Pantry,"1818 W 74th St, Chicago, Illinois, 60636",1818 W 74th St,Chicago,Illinois,60636,-87.669402,41.759428,,Community organization,,,Faith-based,in,Food pantry  ,,,1,1,1,Center,1,,,,,1,,,,,,,,,,,,,,,,,,,,,,,,,,,,,,,,,,,,,,,,,,,,,,,,,,,
New Mt. Calvary Baptist Church Food Pantry,"1850 W Marquette Rd, Chicago, Illinois, 60636",1850 W Marquette Rd,Chicago,Illinois,60636,-87.670479,41.772146,,Community organization,,,Faith-based,in,Food pantry  ,,,1,1,1,Center,1,,,,,1,,,,,,,,,,,,,,,,,,,,,,,,,,,,,,,,,,,,,,,,,,,,,,,,,,,
Operation Blessing Evening Food Pantry,"2050 W 59th St, Chicago, Illinois, 60636",2050 W 59th St,Chicago,Illinois,60636,-87.675496,41.786637,,Community organization,,,Faith-based,in,Food pantry  ,,,1,1,1,Center,1,,,,,1,,,,,,,,,,,,,,,,,,,,,,,,,,,,,,,,,,,,,,,,,,,,,,,,,,,
Abundant Life MBC Food Pantry,"2306 W 69th St, Chicago, Illinois, 60636",2306 W 69th St,Chicago,Illinois,60636,-87.681129,41.768374,,Community organization,,,Faith-based,in,Food pantry  ,,,1,1,1,Center,1,,,,,1,,,,,,,,,,,,,,,,,,,,,,,,,,,,,,,,,,,,,,,,,,,,,,,,,,,
Pickens Memorial Temple COGIC Food Pantry,"5659 S Union Ave, Chicago, Illinois, 60621",5659 S Union Ave,Chicago,Illinois,60621,-87.642575,41.790912,,Community organization,,,Faith-based,in,Food pantry  ,,,1,1,1,Center,1,,,,,1,,,,,,,,,,,,,,,,,,,,,,,,,,,,,,,,,,,,,,,,,,,,,,,,,,,
Belive in Thine Heart Food Pantry,"6000 S Ashland Ave, Chicago, Illinois, 60636",6000 S Ashland Ave,Chicago,Illinois,60636,-87.664388,41.784819,,Community organization,,,Faith-based,in,Food pantry,,,1,1,1,Center,1,,,,,1,,,,,,,,,,,,,,,,,,,,,,,,,,,,,,,,,,,,,,,,,,,,,,,,,,,
Greater St. John AME Church Food Pantry,"6201 S Throop St, Chicago, Illinois, 60636",6201 S Throop St,Chicago,Illinois,60636,-87.657051,41.781362,,Community organization,,,Faith-based,in,Food pantry  ,,,1,1,1,Center,1,,,,,1,,,,,,,,,,,,,,,,,,,,,,,,,,,,,,,,,,,,,,,,,,,,,,,,,,,
Olive Branch,"6310 S Claremont Ave, Chicago, Illinois, 60636",6310 S Claremont Ave,Chicago,Illinois,60636,-87.682338,41.7789,,Community organization,,,Faith-based,in,Food pantry and shelter,,,1,1,1,Center,1,,,,,1,,,,,,,,,,,,,,,,,,,,,,,,,,,,,,,,,,,,,,,,,,,,,,,,,,,
Mount Olive Baptist Church Food Pantry,"6354 S Marshfield Ave, Chicago, Illinois, 60636",6354 S Marshfield Ave,Chicago,Illinois,60636,-87.665492,41.778289,,Community organization,,,Faith-based,in,Food pantry  ,,,1,1,1,Center,1,,,,,1,,,,,,,,,,,,,,,,,,,,,,,,,,,,,,,,,,,,,,,,,,,,,,,,,,,
Englewood UMC Food Pantry,"60621, Chicago, Illinois",,Chicago,Illinois,60621,-87.638722,41.773912,,Community organization,,,Faith-based,in,Food pantry  ,,,1,1,1,Center,1,,,,,1,,,,,,,,,,,,,,,,,,,,,,,,,,,,,,,,,,,,,,,,,,,,,,,,,,,
Canaan MBD Food Ministry Food Pantry,"6659 S Harvard Ave, Chicago, Illinois, 60621",6659 S Harvard Ave,Chicago,Illinois,60621,-87.633215,41.772941,,Community organization,,,Faith-based,in,Food pantry  ,,,1,1,1,Center,1,,,,,1,,,,,,,,,,,,,,,,,,,,,,,,,,,,,,,,,,,,,,,,,,,,,,,,,,,
Christ Evangelical Ministries,"7048 S Western Ave, Chicago, Illinois, 60636",7048 S Western Ave,Chicago,Illinois,60636,-87.683288,41.765049,,Community organization,,,Faith-based,in,Food pantry  ,,,1,1,1,Center,1,,,,,1,,,,,,,,,,,,,,,,,,,,,,,,,,,,,,,,,,,,,,,,,,,,,,,,,,,
Holy Willing Workers of Christ Food Pantry,"716 W 69th St, Chicago, Illinois, 60621",716 W 69th St,Chicago,Illinois,60621,-87.641929,41.768901,,Community organization,,,Faith-based,in,Food pantry  ,,,1,1,1,Center,1,,,,,1,,,,,,,,,,,,,,,,,,,,,,,,,,,,,,,,,,,,,,,,,,,,,,,,,,,
Back to God Church Food Pantry,"7326 S Racine Ave, Chicago, Illinois, 60636",7326 S Racine Ave,Chicago,Illinois,60636,-87.654018,41.760648,,Community organization,,,Faith-based,in,Food pantry  ,,,1,1,1,Center,1,,,,,1,,,,,,,,,,,,,,,,,,,,,,,,,,,,,,,,,,,,,,,,,,,,,,,,,,,
Visitation Parish Food Pantry,"843 W Garfield Blvd, Chicago, Illinois, 60621",843 W Garfield Blvd,Chicago,Illinois,60621,-87.646665,41.793896,,Community organization,,,Faith-based,in,Food pantry  ,,,1,1,1,Center,1,,,,,1,,,,,,,,,,,,,,,,,,,,,,,,,,,,,,,,,,,,,,,,,,,,,,,,,,,
Illinois Holocaust Museum and Education Center,"9603 Woods Dr, Skokie, Illinois, 60077",9603 Woods Dr,Skokie,Illinois,60077,-87.762751,42.055686,http://www.ilholocaustmuseum.org/,Community organization,,,Provide services only through public schools in Englewood,out,Works through schools to provide arts programming (see detailed list under program types for specific programs).,,,,1,,School,,,,,,,1,,,,,,,,1,,,,,1,,,,,,,,,,,,,,,,,,,,,,,0,1,1,1,1,1,1,0,0,1,1,0,1,,
Between Friends,,,,,,,,http://www.betweenfriendschicago.org/,Community organization,,,Provide services only through public schools in Englewood,out,Works through schools to provide arts programming (see detailed list under program types for specific programs).,,,,1,,School,,,,,,,1,,,,,,,,,,,,,1,,,,,,,,,,,,,,,,,,,,,,,0,0,0,1,0,0,0,0,1,0,0,1,1,,
CodeCreate,,,,,,,,http://www.codecreate.us/,Community organization,,,Provide services only through public schools in Englewood,out,Works through schools to provide arts programming (see detailed list under program types for specific programs).,,,,1,,School,,,,,,,1,,,,,,,,,,,,,1,,,,,,,,,,,,,,,,,,,,,,,0,1,1,1,1,1,0,0,1,1,1,1,1,,
